url,city
https://www.ubereats.com/tampa/food-delivery/the-joint-st-pete/gMIDcQchSAmpq_bT6MPDog,pinellas-park-florida
https://www.ubereats.com/tampa/food-delivery/kfc-770-34th-street-n/1Zy_sB4LQsO1T2Qzu_Zl3w,pinellas-park-florida
https://www.ubereats.com/tampa/food-delivery/the-chefs-table-cafe/BLYF0MiHQQCJa5VOlwjmDw,pinellas-park-florida
https://www.ubereats.com/tampa/food-delivery/buffalo-wild-wings-10500-ulmerton-rd/si0EZilVR6WFIBsh48tNUQ,pinellas-park-florida
https://www.ubereats.com/tampa/food-delivery/boston-market-4001-e-bay-drive/lL8VKLopRVWbrIUU7makOg,pinellas-park-florida
https://www.ubereats.com/tampa/food-delivery/the-boardwalk-grill/J8Jy3dmZShKf9tJ1aPWMJw,pinellas-park-florida
https://www.ubereats.com/tampa/food-delivery/que-pasa-mexican-restaurant/bJP0PSrSTUyR6Vz66b3FjQ,pinellas-park-florida
https://www.ubereats.com/tampa/food-delivery/bellas-bakes-cakes-and-bagels/Uspnw7KiTO-PHaKNgc_5Wg,pinellas-park-florida
https://www.ubereats.com/tampa/food-delivery/ricks-reef-st-pete-beach/Sr0iOz85SnS_3UmkbCwivg,pinellas-park-florida
https://www.ubereats.com/tampa/food-delivery/sofias-greek-grill/0VZaL6GDSumiluO5il_WCg,pinellas-park-florida
https://www.ubereats.com/tampa/food-delivery/churchs-chicken-1575-gulf-to-bay-blvd/JDSkGbRHTTqd_2lMnpmTyQ,pinellas-park-florida
https://www.ubereats.com/tampa/food-delivery/carrabbas-3530-tyrone-blvd/jZFWlElASn6qYqjGN5ebZA,pinellas-park-florida
https://www.ubereats.com/tampa/food-delivery/arbys-12260-seminole-blvd/mTekMVb_Rompf13VKdFstA,pinellas-park-florida
https://www.ubereats.com/tampa/food-delivery/mcdonalds-38th-avenue/-kBgNKo7RZyFDVB-14ibvQ,pinellas-park-florida
https://www.ubereats.com/tampa/food-delivery/chipotle-mexican-grill-3700-park-blvd-n/byWuipZhTU2zWXtR-NA-LQ,pinellas-park-florida
https://www.ubereats.com/tampa/food-delivery/wendys-4300-34th-street-south/atS7CjH1QpKqT14I-8sU4Q,pinellas-park-florida
https://www.ubereats.com/tampa/food-delivery/captain-bills-gulfside-tavern/qaKp5ODZS5eI9YjL_CgSsg,pinellas-park-florida
https://www.ubereats.com/tampa/food-delivery/pauls-chicago-pizza-st-pete/zin4JA9dQiWhdZIp165_ww,pinellas-park-florida
https://www.ubereats.com/tampa/food-delivery/hungry-howies-pizza-%26-subs-6570-central-ave/Ft4FfqnRQjm8FbT-uYVZEg,pinellas-park-florida
https://www.ubereats.com/tampa/food-delivery/seminole-subs-%26-gyros-pinellas-park/RNa_jo8FSqG13ppK1E0JgA,pinellas-park-florida
https://www.ubereats.com/tampa/food-delivery/chipotle-mexican-grill-11241-park-blvd/8uVkizTSSc6FRdo2ZCFjgA,pinellas-park-florida
https://www.ubereats.com/tampa/food-delivery/zaxbys-7520-belcher-rd/GKbGfd56S6GDznhosOCbbA,pinellas-park-florida
https://www.ubereats.com/tampa/food-delivery/newks-eatery-clearwater/G6XurpMpTDGVFNwg3MlwPg,pinellas-park-florida
https://www.ubereats.com/tampa/food-delivery/samsushi-restaurant/KzFsBMcuQZuOH4bDSUzjLw,pinellas-park-florida
https://www.ubereats.com/tampa/food-delivery/falafel-n-cafe/Y8o37zVxSpG5SAZIaFBQcA,pinellas-park-florida
https://www.ubereats.com/tampa/food-delivery/dunkin-4599-66th-st-n/TPFuxMnxQuiDvw94nK1nLA,pinellas-park-florida
https://www.ubereats.com/tampa/food-delivery/red-lobster-6151-34th-street-n/gHMHtCKBS4GK6-LdLasIbA,pinellas-park-florida
https://www.ubereats.com/tampa/food-delivery/kimmy-ds-49th-street-cafe-pinellas-park/wvMzUI6QSGOvyVCLE4hfnQ,pinellas-park-florida
https://www.ubereats.com/tampa/food-delivery/jersey-mikes-roosevelt-blvd-%26-michigan-dr/SCbW-PfiRF-dbrhPzcP6Fg,pinellas-park-florida
https://www.ubereats.com/tampa/food-delivery/hooters-gulf-to-bay-blvd-%26-hampton-rd/PHKb0FvCQ9qf-mBIMo2aQg,pinellas-park-florida
https://www.ubereats.com/tampa/food-delivery/salems-fresh-eats-st-pete/DuF7yzedS5CjJM7C7eNdEw,pinellas-park-florida
https://www.ubereats.com/tampa/food-delivery/taco-bus-treasure-island/I4B5-V05QoW60S5nXGLj4w,pinellas-park-florida
https://www.ubereats.com/tampa/food-delivery/han-way/PvUdnod2TISmrVO8cguWZg,pinellas-park-florida
https://www.ubereats.com/tampa/food-delivery/mcdonalds-gandy/B4d7_XS0SZGdyMRgYlGF7g,pinellas-park-florida
https://www.ubereats.com/tampa/food-delivery/mcdonalds-nursery-%26-belcher/UdrBi_LXRhOmT52-dcczIQ,pinellas-park-florida
https://www.ubereats.com/tampa/food-delivery/freshii-10328-roosevelt-blvd/ZzifRcIkQxCyBC5ArDp55A,pinellas-park-florida
https://www.ubereats.com/tampa/food-delivery/firehouse-subs-pinellas-park/1d1WNsvzTQCbRO0wk5bIig,pinellas-park-florida
https://www.ubereats.com/tampa/food-delivery/china-pearl/zy6RxfTCQXC37Wnqh4BNtA,pinellas-park-florida
https://www.ubereats.com/tampa/food-delivery/buya-ramen-st-petersburg/S6LjEEUoTVWLSP-Hk8ibig,pinellas-park-florida
https://www.ubereats.com/tampa/food-delivery/salty-sisters-gourmet-popcorn/frNmY3HJQhCmjKQHXR43Ew,pinellas-park-florida
https://www.ubereats.com/tampa/food-delivery/chickncone/7oRWlmFUT5O7lXKHkNkJ4A,pinellas-park-florida
https://www.ubereats.com/tampa/food-delivery/3d-bites/Nxs7H4mzSz24SF5uqOjA5g,pinellas-park-florida
https://www.ubereats.com/tampa/food-delivery/golden-corral-10050-ulmerton-road/OqsyAc9LSXCtpXD30_G9VA,pinellas-park-florida
https://www.ubereats.com/tampa/food-delivery/johnnys-4th-kava-bar/DMNyr5rcQPWbVKZymPAd-Q,pinellas-park-florida
https://www.ubereats.com/tampa/food-delivery/400-beach-seafood-and-tap-house/iOvYBUbwTDSaECA-D62Kxg,pinellas-park-florida
https://www.ubereats.com/tampa/food-delivery/mcdonalds-east-bay/wi1ARNI5REe7MnkB54cpow,pinellas-park-florida
https://www.ubereats.com/tampa/food-delivery/sadboy-lounge/UpWSxR1KTse13Ml9UGpZ-g,pinellas-park-florida
https://www.ubereats.com/tampa/food-delivery/nitallys-thaimex/Rwz87_yFQmKtcx0IHspqhg,pinellas-park-florida
https://www.ubereats.com/tampa/food-delivery/smashburger-10801-starkey-road/MHNox6XnShWLKr8YmKfORg,pinellas-park-florida
https://www.ubereats.com/tampa/food-delivery/il-ritorno/LDhZyPJLTUaoxt9gg7B7vA,pinellas-park-florida
https://www.ubereats.com/tampa/food-delivery/mcdonalds-northside/6BHao7UtSnCZo19DE9jp9A,pinellas-park-florida
https://www.ubereats.com/tampa/food-delivery/greek-islands-cafe/WGxrJGthSUmhHJn99ZSu-A,pinellas-park-florida
https://www.ubereats.com/tampa/food-delivery/pho-bowl/gSZ0Ks1qRhWLRpgZKfPe_w,pinellas-park-florida
https://www.ubereats.com/tampa/food-delivery/moes-southwest-grill-2683-roosevelt-blvd/f2ItAK48RO2OzXj4uWgBfw,pinellas-park-florida
https://www.ubereats.com/tampa/food-delivery/starbucks-ulmerton-rd-%26-egret-blvd/Nl5xxj34Q5C2Jm3TxsK22A,pinellas-park-florida
https://www.ubereats.com/tampa/food-delivery/sharks-bars-%26-grill/PTQBpg4eR32AVl59PTMTfQ,pinellas-park-florida
https://www.ubereats.com/tampa/food-delivery/burger-king-13238-66th-street/dPbYhQB9TJWhe8fak8ukRg,pinellas-park-florida
https://www.ubereats.com/tampa/food-delivery/oishi-sushi-and-japanese-steakhouse-tyrone/YIdNEHsTR6W_JH4VYxZgfA,pinellas-park-florida
https://www.ubereats.com/tampa/food-delivery/dunkin-8595-seminole-blvd/k5I0oICNSwKty7VrUHPhig,pinellas-park-florida
https://www.ubereats.com/tampa/food-delivery/7042-bonefish-grill-2408-tyrone-blvd/X3tCz_uMRHyvw-OsMHXPBA,pinellas-park-florida
https://www.ubereats.com/tampa/food-delivery/tropical-smoothie-cafe-66th-street-north/MiT-PrrxTT-zp2yeKZMfAA,pinellas-park-florida
https://www.ubereats.com/tampa/food-delivery/acropol-family-restaurant-largo/2Owc48iNRTWq5Se9PuJeCg,pinellas-park-florida
https://www.ubereats.com/tampa/food-delivery/sams-gyro-%26-seafood/D9v8LJCvRbOWuxYBcuzCDw,pinellas-park-florida
https://www.ubereats.com/tampa/food-delivery/la-pasadita-authentic-mexican-restaurant/JZ7w7SilQwu3onNxspFT7Q,pinellas-park-florida
https://www.ubereats.com/tampa/food-delivery/jets-pizza-madeira-redington/-FGfmFh6Ta2FNLTnU2krgw,pinellas-park-florida
https://www.ubereats.com/tampa/food-delivery/indian-bistro/y20innhST6CmOezogcAsEg,pinellas-park-florida
https://www.ubereats.com/tampa/food-delivery/naked-farmer-st-pete/yXjLcxtHSQOp64C425_tYA,pinellas-park-florida
https://www.ubereats.com/tampa/food-delivery/popeyes-louisiana-kitchen-5950-park-blvd-n/c5p6aYX7TQyU4t0L0aFXnw,pinellas-park-florida
https://www.ubereats.com/tampa/food-delivery/winghouse-of-pinellas-park/K2jVDGkFSoKasJoGfkCmYw,pinellas-park-florida
https://www.ubereats.com/tampa/food-delivery/firehouse-subs-st-petersburg-4th-street/96qIiCslQSm-D-Eyfsk6sA,pinellas-park-florida
https://www.ubereats.com/tampa/food-delivery/chipotle-mexican-grill-10160-ulmerton-rd/inwTe1JQToi5ony8Tmg6jQ,pinellas-park-florida
https://www.ubereats.com/tampa/food-delivery/big-apple-buffet-2/wtZ7w8BrSlyYiSmE5pNMPw,pinellas-park-florida
https://www.ubereats.com/tampa/food-delivery/yayas-flame-broiled-chicken/fxeA-ACZSpir-vXwR2yCKA,pinellas-park-florida
https://www.ubereats.com/tampa/food-delivery/grindhouse-coffee-and-cafe/fxj5LKo-RWqbF9MEWOEnOA,pinellas-park-florida
https://www.ubereats.com/tampa/food-delivery/amish-creamery/lYN5WYFnR6-ygkbHmjGZTA,pinellas-park-florida
https://www.ubereats.com/tampa/food-delivery/starbucks-4th-st-%26-50th-ave/B9AkSKfoRJOkvOgkhkxkkQ,pinellas-park-florida
https://www.ubereats.com/tampa/food-delivery/twistee-treat/FqaIY0siQlaFZUw_H1ibSg,pinellas-park-florida
https://www.ubereats.com/tampa/food-delivery/vibes/wPO0p25GSf2S9T1PyjkIrA,pinellas-park-florida
https://www.ubereats.com/tampa/food-delivery/winghouse-of-largo/JvPtzXh2RLSNFMXLKOXkNg,pinellas-park-florida
https://www.ubereats.com/tampa/food-delivery/subway-9301-4th-st-n/lQlK2n2zTGqnVr9bCITRsg,pinellas-park-florida
https://www.ubereats.com/tampa/food-delivery/applebees-1465-mcmullen-booth-rd/JAOF6MbsS9CafQrAFAsc1Q,pinellas-park-florida
https://www.ubereats.com/tampa/food-delivery/dunkin-9991-bay-pines-blvd/BQOVbPxYQCi_zVe8RN0jKg,pinellas-park-florida
https://www.ubereats.com/tampa/food-delivery/jessis-restaurant/LZCa67MgR9CeDnjtRiiVmA,pinellas-park-florida
https://www.ubereats.com/tampa/food-delivery/applebees-7995-113th-st/p5OLBcf2QRyQvNTIMbU5lw,pinellas-park-florida
https://www.ubereats.com/tampa/food-delivery/burger-king-7930-us-highway-19-n/P93sk74oRRmcKmUoYyRDTw,pinellas-park-florida
https://www.ubereats.com/tampa/food-delivery/pizza-hut-4350-66th-st-n/IiWN8HPyTBOtTG8cO97INA,pinellas-park-florida
https://www.ubereats.com/tampa/food-delivery/tap-burgers/v49eh5KVT5yY3ucMo8c5Jw,pinellas-park-florida
https://www.ubereats.com/tampa/food-delivery/the-well-dressed-chicken/IAfdUPBFS5uETg4ps-_eXQ,pinellas-park-florida
https://www.ubereats.com/tampa/food-delivery/lonnis-sandwiches-etc/QZDozRy4Q4eIw2wRSac0Dg,pinellas-park-florida
https://www.ubereats.com/tampa/food-delivery/china-city/TkB__SxjR1asidi55tsJwA,pinellas-park-florida
https://www.ubereats.com/tampa/food-delivery/j%26k-seafood-shack/VC3Q3cUhQnajBitpEGBG1Q,pinellas-park-florida
https://www.ubereats.com/tampa/food-delivery/siam-garden-thai/DOjsODEwSdGGMyksCsgXOQ,pinellas-park-florida
https://www.ubereats.com/tampa/food-delivery/hooters-boardwalk-pl-e-%26-village-blvd/lHVq046eQMKKIw-NqipxcQ,pinellas-park-florida
https://www.ubereats.com/tampa/food-delivery/pdq-pinellas-park/0cr_vDL1R9WaNHHxN1YEHQ,pinellas-park-florida
https://www.ubereats.com/tampa/food-delivery/tgi-fridays-588-st-petersburg-fl/bSMwAAH7RX282xWvfRj6VQ,pinellas-park-florida
https://www.ubereats.com/tampa/food-delivery/dunkin-1524-4th-st-s/4fh9BiMDScSKOTv-L6xRnA,pinellas-park-florida
https://www.ubereats.com/tampa/food-delivery/tijuana-flats-seminole/raWn4r5ZRhWTR0WkWmdsqQ,pinellas-park-florida
https://www.ubereats.com/tampa/food-delivery/sloppy-joes-on-the-beach/HBcV5cOVRX2tbjb07KZuZA,pinellas-park-florida
https://www.ubereats.com/tampa/food-delivery/taste-of-gourmet-cafe/l2mM7YNRQGOpFnYIu7IMYw,pinellas-park-florida
https://www.ubereats.com/tampa/food-delivery/yogurtology-st-pete/EJ82-pZfQTeJZuY1uTytWQ,pinellas-park-florida
https://www.ubereats.com/tampa/food-delivery/dennys-4999-34th-st-n/-JJeJlSeRFm4dGf-ur7xmg,pinellas-park-florida
https://www.ubereats.com/tampa/food-delivery/kfc-13677-walsingham-road/MfZ_KbNYQcWISp3RG5Ws1Q,pinellas-park-florida
https://www.ubereats.com/tampa/food-delivery/mr-waffles/Va2A8su6QeqV0Trf41RnMQ,pinellas-park-florida
https://www.ubereats.com/tampa/food-delivery/dunkin-8150-bryan-dairy-rd/0tU7GwAtTkylPoG1DOgM2w,pinellas-park-florida
https://www.ubereats.com/tampa/food-delivery/mickeys-cafe-%26-organics/gE-JVnpORQ6coBcsiuf6iA,pinellas-park-florida
https://www.ubereats.com/tampa/food-delivery/the-twisted-indian/e247TazoS7qOSumYLRK8gg,pinellas-park-florida
https://www.ubereats.com/tampa/food-delivery/pattaya-thai/O8gztHR8QKWvbyzFlI4PUg,pinellas-park-florida
https://www.ubereats.com/tampa/food-delivery/subway-956-62nd-ave/zcMtVx_pTvCIRHN2u2GtsA,pinellas-park-florida
https://www.ubereats.com/tampa/food-delivery/el-guerrero-mexican-grill/7pkbG-iBRSaAit-meZxIfQ,pinellas-park-florida
https://www.ubereats.com/tampa/food-delivery/first-watch-east-bay/5NMvEKHCQ8ieLXMi57IsCQ,pinellas-park-florida
https://www.ubereats.com/tampa/food-delivery/wings-n-things/mMyuHm9CSTWT8gY5vW2AVA,pinellas-park-florida
https://www.ubereats.com/tampa/food-delivery/toasted-monkey-st-pete-beach/Nxnx2Vh3Sm2ldLZoB6schw,pinellas-park-florida
https://www.ubereats.com/tampa/food-delivery/winghouse-of-clearwater/B7GA91CFTumUsOvebZZecg,pinellas-park-florida
https://www.ubereats.com/tampa/food-delivery/starbucks-tyrone-blvd-north-%26-22nd-ave-n/a2AfwcnCS1ywVLXfIN97gQ,pinellas-park-florida
https://www.ubereats.com/tampa/food-delivery/five-guys-fl-1058-20505-us-highway-19/0PZo2ak8SiOdz6t5lOkizg,pinellas-park-florida
https://www.ubereats.com/tampa/food-delivery/poke-island/9UxORMaCQpaJhxRNtFrwjw,pinellas-park-florida
https://www.ubereats.com/tampa/food-delivery/the-local-deli-%26-cafe/fU8j4RRvRqeRdkmn8w90NQ,pinellas-park-florida
https://www.ubereats.com/tampa/food-delivery/thai-basil-clearwater/HLkVLFT4RXerc1IY8tlOBg,pinellas-park-florida
https://www.ubereats.com/tampa/food-delivery/a-taste-of-my-islands/QtGsS4wLSmCA1OoauGTBqw,pinellas-park-florida
https://www.ubereats.com/tampa/food-delivery/westshore-pizza/rrV7KixrRgOXwgLhgp6A4w,pinellas-park-florida
https://www.ubereats.com/tampa/food-delivery/mugs-sports-bar-%26-grill-largo/OWJ0I8-hS8u-1EWpkpcf9w,pinellas-park-florida
https://www.ubereats.com/tampa/food-delivery/kfc-1960-gulf-to-bay-boulevard/AAvfvvfnTyeot_LL-quzPw,pinellas-park-florida
https://www.ubereats.com/tampa/food-delivery/kays-kitchen-family-restaurant-st-petersburg/iahK4mMsTWiXYO30ZOiCjw,pinellas-park-florida
https://www.ubereats.com/tampa/food-delivery/trips-diner-st-pete/2CyNqJa_SsCu7dTRpzKF4g,pinellas-park-florida
https://www.ubereats.com/tampa/food-delivery/trips-diner-seminole/AWL3OQ9LSACW-qHpp0l-bw,pinellas-park-florida
https://www.ubereats.com/tampa/food-delivery/aroy-thai-and-sushi-seminole/Im-SiE_CSBazlsEN_uZzOA,pinellas-park-florida
https://www.ubereats.com/tampa/food-delivery/tour-de-pizza/AwFxImYPRVupzXDPV-DaSQ,pinellas-park-florida
https://www.ubereats.com/tampa/food-delivery/pete-loves-pies/QmuRkgx2Q2GJyxOIEdKbqA,pinellas-park-florida
https://www.ubereats.com/tampa/food-delivery/buffalo-wild-wings-2938-tyrone-blvd-n/cRjTToqfSHWp3YrqWthjiQ,pinellas-park-florida
https://www.ubereats.com/tampa/food-delivery/mcdonalds-pinellas-park/eLYs7oPTQ_ekmsG6smdvJQ,pinellas-park-florida
https://www.ubereats.com/tampa/food-delivery/arbys-6640-ulmerton-rd/iokbnpaUTzC6-zlW3W0iWw,pinellas-park-florida
https://www.ubereats.com/tampa/food-delivery/harold-seltzers-steakhouse/wJWLWNm4TymxpfrPSZRB5Q,pinellas-park-florida
https://www.ubereats.com/tampa/food-delivery/subway-10330-seminole-blvd/ULET3oxEQRmF99yyM5Gk_w,pinellas-park-florida
https://www.ubereats.com/tampa/food-delivery/gyros-%26-seafood-express-downtown-st-petersburg/C61KbZq6Q62KsPpuUvJuZw,pinellas-park-florida
https://www.ubereats.com/tampa/food-delivery/brass-bowl/LfDlvJpmTAy-gxXEih4Y3w,pinellas-park-florida
https://www.ubereats.com/tampa/food-delivery/wawa-5129-9501-bay-pines-blvd/PccSgiQJQ3y0sseev8VBpg,pinellas-park-florida
https://www.ubereats.com/tampa/food-delivery/jacks-london-grill-st-petersburg/2fzIsnEsTHulgkWZ8NFB-g,pinellas-park-florida
https://www.ubereats.com/tampa/food-delivery/little-greek-st-pete/nGw6Ku_JQheDqTYvwU5pUA,pinellas-park-florida
https://www.ubereats.com/tampa/food-delivery/cesarinas-italian-deli/e44NQi87RAatajy10rqtcg,pinellas-park-florida
https://www.ubereats.com/tampa/food-delivery/sly-bar-midtown-grand-central-district/_58TqGQMSRaeL55awcA8Lg,pinellas-park-florida
https://www.ubereats.com/tampa/food-delivery/mcdonalds-2315-tyrone-blvd/88VOHHv7TCKFjoxVgCnrOg,pinellas-park-florida
https://www.ubereats.com/tampa/food-delivery/the-avenue-eat%2Bdrink/hkzh-zWFTjmxhl_Pl5pyTQ,pinellas-park-florida
https://www.ubereats.com/tampa/food-delivery/proino-breakfast-club-largo-2/8Trea8f9QTOBbNSdL9Xcyw,pinellas-park-florida
https://www.ubereats.com/tampa/food-delivery/pollo-tropical-2140-gulf-to-bay-blvd/z58Qe4cBTW2L_sczsftE1g,pinellas-park-florida
https://www.ubereats.com/tampa/food-delivery/arbys-1920-gulf-to-bay-blvd/VMV5hMhjQfKuMbQIh6VF4A,pinellas-park-florida
https://www.ubereats.com/tampa/food-delivery/the-cupcake-spot/3cnw8I8hT2SDV0CbpYT67g,pinellas-park-florida
https://www.ubereats.com/tampa/food-delivery/deeya-indian-cuisine/hVgXh-fiQvCr3gZXYQjZ4Q,pinellas-park-florida
https://www.ubereats.com/tampa/food-delivery/dunkin-13050-walsingham-rd/hQidfZ-3QXel88txx_oA-g,pinellas-park-florida
https://www.ubereats.com/tampa/food-delivery/bento-asian-kitchen-%2B-sushi-320-3rd-st-south/r4yzx--WTjSoAdH-OcQb1Q,pinellas-park-florida
https://www.ubereats.com/tampa/food-delivery/bob-evans-582-2183-gulf-to-bay-boulevard/GmbBTOBeSdWXJsmSoyGaQw,pinellas-park-florida
https://www.ubereats.com/tampa/food-delivery/the-brass-tap-st-petersburg/Zwfhwx66RSuvCMBO2szotQ,pinellas-park-florida
https://www.ubereats.com/tampa/food-delivery/freshii-seminole-city-centre/dvIKVhH9Twe6ahHyX6fR-Q,pinellas-park-florida
https://www.ubereats.com/tampa/food-delivery/five-guys-fl-0197-7056-us-highway-19-n/EGGpvfHLQFmWI8e8wY6j4w,pinellas-park-florida
https://www.ubereats.com/tampa/food-delivery/menchies-frozen-yogurt-11201-park-blvd-n/47-hV5EXRO2451-7GOKbvA,pinellas-park-florida
https://www.ubereats.com/tampa/food-delivery/sila-thai-and-sushi/CU2RpZjPS06bT0BZJBaKzg,pinellas-park-florida
https://www.ubereats.com/tampa/food-delivery/tropical-smoothie-cafe-1201-4th-st-n/QaE5Cd8kRzi4k3wvZRLnxA,pinellas-park-florida
https://www.ubereats.com/tampa/food-delivery/wepaa-restaurant/iD9dxWDqS5WkM0PM1zjGjg,pinellas-park-florida
https://www.ubereats.com/tampa/food-delivery/whiskey-wings/zRlk_FOnRdy7SyNVkbOuTw,pinellas-park-florida
https://www.ubereats.com/tampa/food-delivery/speedos-burritos/a81XIBnFS0Whm8Wn7ATtgg,pinellas-park-florida
https://www.ubereats.com/tampa/food-delivery/bob-evans-158-2410-66th-street-n/ROeRBURESs-61OUXsJghtQ,pinellas-park-florida
https://www.ubereats.com/tampa/food-delivery/bajas-southern-cooking-%26-more/j0KKIQ7MQjuohzlBVRQTaQ,pinellas-park-florida
https://www.ubereats.com/tampa/food-delivery/tasia-sushi-and-thai/cxaOawRrRR2L2bI07Y_-Qg,pinellas-park-florida
https://www.ubereats.com/tampa/food-delivery/flatbread-%26-butter/eBlnDs_GTgizh5HqhM5Nlw,pinellas-park-florida
https://www.ubereats.com/tampa/food-delivery/good-vibes-juice-co-largo/4TEGBTzYRPKxZp_tkU0K_w,pinellas-park-florida
https://www.ubereats.com/tampa/food-delivery/biffburger/wLVFXqvpQK-PKQnzPkM3dQ,pinellas-park-florida
https://www.ubereats.com/tampa/food-delivery/parkside-cafe/wTR00DOgRQiiT4dDwyYH9Q,pinellas-park-florida
https://www.ubereats.com/tampa/food-delivery/honey-baked-ham-23310-us-hwy-19-n/-hsQh2ztT6COWdEvAxjmNg,pinellas-park-florida
https://www.ubereats.com/tampa/food-delivery/dead-bobs/2-ldZfQeQWuPrJJb5GVN6g,pinellas-park-florida
https://www.ubereats.com/tampa/food-delivery/eddies-empanadas/eWlc5JARQ7G_z10H7HB5-g,pinellas-park-florida
https://www.ubereats.com/tampa/food-delivery/cold-stone-creamery-safety-harbor/tUzOBTiYR_KDWG7H5h_rpA,pinellas-park-florida
https://www.ubereats.com/tampa/food-delivery/nuevo-vallarta/XQ8x-ldbSxKjEoGyUZXXCg,pinellas-park-florida
https://www.ubereats.com/tampa/food-delivery/727-seafood-and-grill/3n7yYC7ZRJe4GENYxb8_SA,pinellas-park-florida
https://www.ubereats.com/tampa/food-delivery/casa-compay/XqrX1EVNSAqh5X3klZuZ8A,pinellas-park-florida
https://www.ubereats.com/tampa/food-delivery/checkers-6200-9th-street-north/9frX8E7_Rf65cuT_1j_G7A,pinellas-park-florida
https://www.ubereats.com/tampa/food-delivery/famous-jays-bbq-and-more/CZFxx7eYRgGLjlziex2o1w,pinellas-park-florida
https://www.ubereats.com/tampa/food-delivery/pattaya-thai/npe23TsCQAuvK_jsJuNRyQ,pinellas-park-florida
https://www.ubereats.com/tampa/food-delivery/pineapplez!/Y3vT3-8FSdu3deZuTMfxCQ,pinellas-park-florida
https://www.ubereats.com/tampa/food-delivery/smoothie-king-stpetersburg/rUgIrEz9QeeuMvJPuxoMZg,pinellas-park-florida
https://www.ubereats.com/tampa/food-delivery/phillys-famous-cheesesteaks/YxQqa-7ZQqajhT1lgp83jw,pinellas-park-florida
https://www.ubereats.com/tampa/food-delivery/applebees-10911-starkey-road/x-rTJMQUQz6sHQgozj5u6A,pinellas-park-florida
https://www.ubereats.com/tampa/food-delivery/dairy-queen-grill-%26-chill-3101-n-66th-st/8cUZzB4NSxeTOkZWyjrLng,pinellas-park-florida
https://www.ubereats.com/tampa/food-delivery/red-mesa-mercado/UIfHWQugSlOSedjYxSjtYQ,pinellas-park-florida
https://www.ubereats.com/tampa/food-delivery/fortunatos-pizza-station/IJz4RIOcSj-J-oUEngxaIA,pinellas-park-florida
https://www.ubereats.com/tampa/food-delivery/panda-express-7000-us-highway-19-n/pRwYg6C1TU-0NbW784EzhQ,pinellas-park-florida
https://www.ubereats.com/tampa/food-delivery/tonys-pizza-st-pete/PFaV72OwSqW6WRQy5i1bPA,pinellas-park-florida
https://www.ubereats.com/tampa/food-delivery/pizza-hut-5020-e-bay-dr-ste-400/zxvIegrSTfKr1OhLflOCEA,pinellas-park-florida
https://www.ubereats.com/tampa/food-delivery/circle-k-10600-roosevelt-blvd-n/dPMKoulBRqyJajz3cYf9ug,pinellas-park-florida
https://www.ubereats.com/tampa/food-delivery/panda-express-2200-east-bay-drive/tYl5HpqmT1OLMtX9hK-nww,pinellas-park-florida
https://www.ubereats.com/tampa/food-delivery/the-galley%3A-a-st-pete-tavern/H33otsf6QRK4BEJHiAEDSQ,pinellas-park-florida
https://www.ubereats.com/tampa/food-delivery/taco-bell-10749-park-blvd/DtOJm36sS6G3ZDPasJYJ5A,pinellas-park-florida
https://www.ubereats.com/tampa/food-delivery/fish-bol/bDbD33xjRkWWNRT1-BWvdg,pinellas-park-florida
https://www.ubereats.com/tampa/food-delivery/slice-of-the-burg/fdPjpyj8SYWEZnFsLK_LxQ,pinellas-park-florida
https://www.ubereats.com/tampa/food-delivery/habana-cafe-st-petersburg/0WtMUHUYSgGrPJh0H_AmDw,pinellas-park-florida
https://www.ubereats.com/tampa/food-delivery/r%26s-pizzeria/-wDbaxoeS7Wv7r2E4zSPJA,pinellas-park-florida
https://www.ubereats.com/tampa/food-delivery/eating-like-the-jones/kFcw5elxS6u9VWuoJYUn3A,pinellas-park-florida
https://www.ubereats.com/tampa/food-delivery/chipotle-mexican-grill-5360-e-bay-dr/VXIYgEEZTByw-sTKH5XCwA,pinellas-park-florida
https://www.ubereats.com/tampa/food-delivery/ikigai-poke-and-sushi/934UUpLYRXKbf8EoLq4Rzw,pinellas-park-florida
https://www.ubereats.com/tampa/food-delivery/subway-11180-66th-st/HOK8AvHjToOCQxMXuRDVuA,pinellas-park-florida
https://www.ubereats.com/tampa/food-delivery/charleys-philly-steak-tyrone-square-mall/XWsHQz3PSXG96eC6ySj0Kg,pinellas-park-florida
https://www.ubereats.com/tampa/food-delivery/neptune-grill/ukfIV8m4Q6KfTFnMDPVoOw,pinellas-park-florida
https://www.ubereats.com/tampa/food-delivery/kobe-japanese-steakhouse-%26-sushi-bar-st-pete/6k3VPoxDT-mxU1Df7a3GbQ,pinellas-park-florida
https://www.ubereats.com/tampa/food-delivery/tin-can-cafe-clearwater/SbbG1evSTxq118FnlrJtYQ,pinellas-park-florida
https://www.ubereats.com/tampa/food-delivery/shomi-sushi-%26-seafood/ekhjRMcFQ4iXnO9UZNijLA,pinellas-park-florida
https://www.ubereats.com/tampa/food-delivery/central-melt/yi_Ta06hTlusNjxiNa4EpQ,pinellas-park-florida
https://www.ubereats.com/tampa/food-delivery/stonefire-tavern/uXPYO4V5RNqgukpNcRSPPw,pinellas-park-florida
https://www.ubereats.com/tampa/food-delivery/mcdonalds-1661-4th-st-s/sQFZDagFReu1gjV8JzjAtQ,pinellas-park-florida
https://www.ubereats.com/tampa/food-delivery/maria-banana/a0lxL1U2TuC6zb-v_6miwg,pinellas-park-florida
https://www.ubereats.com/tampa/food-delivery/subway-10237-bay-pines-blvd/RKkoZ3h3Ta-QQs6PFLP07g,pinellas-park-florida
https://www.ubereats.com/tampa/food-delivery/chicago-deli-%26-coney-dogs/62V_BJGYRBOgQExZl_eCDA,pinellas-park-florida
https://www.ubereats.com/tampa/food-delivery/hungry-howies-pizza-st-petersburg-4690-49th-st-n/rGdW0Vp0QU2igKuze6wG7g,pinellas-park-florida
https://www.ubereats.com/tampa/food-delivery/flippers-pizzeria-st-pete/mwFMgpqsT3a12nsjXRc1gA,pinellas-park-florida
https://www.ubereats.com/tampa/food-delivery/vcibo/aZhB-6cPRxCil9AKGNqhYQ,pinellas-park-florida
https://www.ubereats.com/tampa/food-delivery/chinelos-taqueria/m2nLNbEOTTybkvJIUlyRBw,pinellas-park-florida
https://www.ubereats.com/tampa/food-delivery/circle-k-3400-5th-ave-n/1moAL2EmRGKbUmX94CNb2Q,pinellas-park-florida
https://www.ubereats.com/tampa/food-delivery/citys-bistro-st-petersburg/rfQSIuCiR7eQ3hZaDwFDuw,pinellas-park-florida
https://www.ubereats.com/tampa/food-delivery/carrabbas-2680-gulf-to-bay-blvd/q2Vg-W-KSomdQEsHbc7hWg,pinellas-park-florida
https://www.ubereats.com/tampa/food-delivery/taste-of-punjab-largo/9lEb2OEZTgeBjW1mm3_iUA,pinellas-park-florida
https://www.ubereats.com/tampa/food-delivery/kfc-6300-ninth-street-n/B84aBYnqTn67zNzbnAqs_g,pinellas-park-florida
https://www.ubereats.com/tampa/food-delivery/stacies-cottage-cafe/GCNxiVZGRNmeWdjsmdhZVw,pinellas-park-florida
https://www.ubereats.com/tampa/food-delivery/tijuana-flats-largo/t45vjHUMTYyurHRN-dpx7Q,pinellas-park-florida
https://www.ubereats.com/tampa/food-delivery/alina-cafe-llc/aVmdcEStQBGCqqljPigmYw,pinellas-park-florida
https://www.ubereats.com/tampa/food-delivery/the-lure/xyj6dpskTzmdWwQTTqcmjA,pinellas-park-florida
https://www.ubereats.com/tampa/food-delivery/the-ice-cream-shop/X0Q6Mvc2SfGvrO69eRxD9w,pinellas-park-florida
https://www.ubereats.com/tampa/food-delivery/tijuana-flats-roosevelt/OawXYSNQQkqT-VpakbOLNg,pinellas-park-florida
https://www.ubereats.com/tampa/food-delivery/burger-king-980-missouri-avenue/lBbJOCWySHq489pyMTuB9w,pinellas-park-florida
https://www.ubereats.com/tampa/food-delivery/hungry-howies-pizza-st-petersburg-34th-st/c_QOVV64SJa3aNU4dtuBHQ,pinellas-park-florida
https://www.ubereats.com/tampa/food-delivery/checkers-3150-east-bay-drive/1SvrFEzSTHyT1fBQXz3maA,pinellas-park-florida
https://www.ubereats.com/tampa/food-delivery/tropical-smoothie-cafe-carillon-business-center/GAy4eD_0RpamOnjAXgNYsg,pinellas-park-florida
https://www.ubereats.com/tampa/food-delivery/cook-eat-mingle/1ouBAvbyQAe0Ag_LDHwJWw,pinellas-park-florida
https://www.ubereats.com/tampa/food-delivery/salems-fresh-eats-18th-ave/7AU8P-IrQzGwJHZUg7DcDA,pinellas-park-florida
https://www.ubereats.com/tampa/food-delivery/zaxbys-ulmerton/_aJVzqvqSqC0PLatt7ANUA,pinellas-park-florida
https://www.ubereats.com/tampa/food-delivery/burgermonger-downtown-st-petersburg/RSssSM_qQSGowYhAogF78w,pinellas-park-florida
https://www.ubereats.com/tampa/food-delivery/irish-31-seminole/ZdILuJv1QV6kpAiFCfAD-Q,pinellas-park-florida
https://www.ubereats.com/tampa/food-delivery/frankies-deli-inc/mRtbYlFSSMaUVFsKi9EiTQ,pinellas-park-florida
https://www.ubereats.com/tampa/food-delivery/berry-boss-acai/wWr5QBAZRby1Tn4S9elv8A,pinellas-park-florida
https://www.ubereats.com/tampa/food-delivery/ihop-4199-34th-st-s/DDJ9Oje6SbCFGuooTGibiQ,pinellas-park-florida
https://www.ubereats.com/tampa/food-delivery/starbucks-4th-st-%26-89th-ave/-6QF3y-5QNSpGGLMcCpOHA,pinellas-park-florida
https://www.ubereats.com/tampa/food-delivery/checkers-3501-34th-street-n/LLrpqCmdQD64xgklEAx1zw,pinellas-park-florida
https://www.ubereats.com/tampa/food-delivery/trophy-fish-st-petersburg/KtYHYPpRQG2V38JjnK7oUg,pinellas-park-florida
https://www.ubereats.com/tampa/food-delivery/cravingz/VhP8-QNsQUq9-jPFJL89sg,pinellas-park-florida
https://www.ubereats.com/tampa/food-delivery/bay-1-ice-cream-parlor-%26-sandwich-shop/Agirz1B5RcOb_dq93X_fng,pinellas-park-florida
https://www.ubereats.com/tampa/food-delivery/jersey-mikes-subs-1740-4th-st/voIF9TzjTO2NwWdpJrvZQA,pinellas-park-florida
https://www.ubereats.com/tampa/food-delivery/tijuana-flats-gulf-to-bay/RJU4zgSBRC-JgN3oA48Zwg,pinellas-park-florida
https://www.ubereats.com/tampa/food-delivery/churchs-chicken-3510-central-ave/8PRPGDPEQGCPZP14a44r8A,pinellas-park-florida
https://www.ubereats.com/tampa/food-delivery/fourth-street-shrimp-store/80DcJ6cKQ9uZMP1zbwBmFQ,pinellas-park-florida
https://www.ubereats.com/tampa/food-delivery/hungry-howies-pizza-clearwater/KtISAQDRSsy7KcxMKcqM6g,pinellas-park-florida
https://www.ubereats.com/tampa/food-delivery/chai-mixology/Kqz1lAuKRNyzwaKVCUjQTQ,pinellas-park-florida
https://www.ubereats.com/tampa/food-delivery/mcdonalds-clearwater-mall/wZBmDd5ZSDGOvdHMi7iY8Q,pinellas-park-florida
https://www.ubereats.com/tampa/food-delivery/thirsty-first/sbiPjqYYSga23NMm6ndwaA,pinellas-park-florida
https://www.ubereats.com/tampa/food-delivery/local-pizza-co/fYrvdErURuWOUYeVZ9uPhg,pinellas-park-florida
https://www.ubereats.com/tampa/food-delivery/willys-burgers-%26-booze/361ydMc5Qce-NaCpAaoPYA,pinellas-park-florida
https://www.ubereats.com/tampa/food-delivery/juice-habit/IaOZ19l2RYWirVIPpRzTEQ,pinellas-park-florida
https://www.ubereats.com/tampa/food-delivery/moonlight-boba/fnLIgHkqSUSzDb8_keL23Q,pinellas-park-florida
https://www.ubereats.com/tampa/food-delivery/starbucks-baywalk/93QHrQI-S6GHn92RIu3LPA,pinellas-park-florida
https://www.ubereats.com/tampa/food-delivery/boston-market-7820-113th-street/HaeSfyTwQ1KWhbBqsEthfw,pinellas-park-florida
https://www.ubereats.com/tampa/food-delivery/the-amish-country-store/kJowHt0tQfugr8lWmXu5rg,pinellas-park-florida
https://www.ubereats.com/tampa/food-delivery/full-plate-chicken%26-gyros/6VQb4uwwS6msbh8w80DBWg,pinellas-park-florida
https://www.ubereats.com/tampa/food-delivery/subway-898-49th-st-n/VNjLpMRcS4qiYTTbFBmi2g,pinellas-park-florida
https://www.ubereats.com/tampa/food-delivery/bollywood-aroma-vegan-indian/crZHXLVHQLKgK8P18ID39w,pinellas-park-florida
https://www.ubereats.com/tampa/food-delivery/nori-thai/Il8C1qEsT_CHLssVgZdAuw,pinellas-park-florida
https://www.ubereats.com/tampa/food-delivery/dunkin-7030-ulmerton-rd/AiBNltdbQXuHBibqMDLT_g,pinellas-park-florida
https://www.ubereats.com/tampa/food-delivery/applebees-4700-4th-street-north/c_mmgLhdRY-KPjkSrA9ylQ,pinellas-park-florida
https://www.ubereats.com/tampa/food-delivery/ravello-pizzeria-clearwater/R1GHKOVsSmi574wGxKXm-A,pinellas-park-florida
https://www.ubereats.com/tampa/food-delivery/corner-bar-and-grill/jO3L31zLTGGjkZ8prxk9Og,pinellas-park-florida
https://www.ubereats.com/tampa/food-delivery/brunos-bakery-cafe/8xe1AAqSS9W612AKDb95_Q,pinellas-park-florida
https://www.ubereats.com/tampa/food-delivery/russos-new-york-pizzeria/2CWeHTtrRpCvfswelWtqhw,pinellas-park-florida
https://www.ubereats.com/tampa/food-delivery/giannis-ny-pizza-st-petersburg/sAcOn9zjS8as2X__SsJIqg,pinellas-park-florida
https://www.ubereats.com/tampa/food-delivery/courtside-grille-st-petersburg/Q920Sgy6SwGMgT0wHywA7g,pinellas-park-florida
https://www.ubereats.com/tampa/food-delivery/vapour-kava-bar/RUmorEbTT0eN2KxZ6MP51A,pinellas-park-florida
https://www.ubereats.com/tampa/food-delivery/italian-touch-tyrone/1zR-j5bZROaZMPHrvuTFRw,pinellas-park-florida
https://www.ubereats.com/tampa/food-delivery/glory-days-grill-st-pete/bko9DdUUQimwQ4LRUYXYYQ,pinellas-park-florida
https://www.ubereats.com/tampa/food-delivery/pacific-counter/-5vqiX2iQry1dc4z4h2kFw,pinellas-park-florida
https://www.ubereats.com/tampa/food-delivery/wendys-336-15th-avenue-s/dL5N5VnLSYit-qnEqFh-oQ,pinellas-park-florida
https://www.ubereats.com/tampa/food-delivery/screwie-louies/uentXYhYSaqXCVW4szhYyw,pinellas-park-florida
https://www.ubereats.com/tampa/food-delivery/largo-family-diner/_NXWJK9TRxSQl4a4hoQ5xQ,pinellas-park-florida
https://www.ubereats.com/tampa/food-delivery/metro-diner-st-pete/Sq7hNJ9vQdedIReJmzslvA,pinellas-park-florida
https://www.ubereats.com/tampa/food-delivery/italia-mia/fClT0nXhT42POy8nNFY09A,pinellas-park-florida
https://www.ubereats.com/tampa/food-delivery/ihop-4671-park-boulevard/MEM5_rK2Rc6zcYkqevMuqQ,pinellas-park-florida
https://www.ubereats.com/tampa/food-delivery/nitallys-thaimex-mlk/ZU-hIp-IQjqldnWIR5vDnw,pinellas-park-florida
https://www.ubereats.com/tampa/food-delivery/proino-breakfast-clearwater/EXk6tAJoSQWAmnmgScTJCQ,pinellas-park-florida
https://www.ubereats.com/tampa/food-delivery/dunkin-3515-e-bay-dr/0KqBzJOJTOe-4Zt36Qz-iA,pinellas-park-florida
https://www.ubereats.com/tampa/food-delivery/subway-4690-park-blvd/VByRNseCSt-HIMSfxskTzQ,pinellas-park-florida
https://www.ubereats.com/tampa/food-delivery/hardees-3795-34th-st-n/DwXmNKQ2R1yWCJP_IV-gKA,pinellas-park-florida
https://www.ubereats.com/tampa/food-delivery/rumfish-grill/mDN4fhfaRo-OIxfTVFV6HQ,pinellas-park-florida
https://www.ubereats.com/tampa/food-delivery/smokey-bones-clearwater/wFWyPqrmQFCFOU0geHGqUQ,pinellas-park-florida
https://www.ubereats.com/tampa/food-delivery/starbucks-starkey-rd-%26-east-bay-dr/hsBl3sTLRemUVs76NZfyiA,pinellas-park-florida
https://www.ubereats.com/tampa/food-delivery/mamas-kitchen-seminole/PuI92i_ASnGTcqvZm9940g,pinellas-park-florida
https://www.ubereats.com/tampa/food-delivery/feolas-italian-ristorante/9Jo74Yd1QZqr63ldqfEAPw,pinellas-park-florida
https://www.ubereats.com/tampa/food-delivery/vegan-kitchen-st-petersburg/JezPjEG3SDG2WAgI6c5PAQ,pinellas-park-florida
https://www.ubereats.com/tampa/food-delivery/viet-grill-pinellas-park/WE8B3o0rQiuY76U0chE8rQ,pinellas-park-florida
https://www.ubereats.com/tampa/food-delivery/fabrica-pizza/1DCuwOXjSMO6cYVOOhvlPw,pinellas-park-florida
https://www.ubereats.com/tampa/food-delivery/dunkin-11200-4th-st-n/gZeie_HaRkinP0NW0VrpSg,pinellas-park-florida
https://www.ubereats.com/tampa/food-delivery/mcdonalds-66th-street/NWKQOxxAQryNWq1yV-cKig,pinellas-park-florida
https://www.ubereats.com/tampa/food-delivery/la-gloria-colombian-restaurant/1rLIjSBoQuWea2YfcPc_9g,pinellas-park-florida
https://www.ubereats.com/tampa/food-delivery/subway-11111-park-blvd/t9N6f2OuQ5GvR17acPUEEg,pinellas-park-florida
https://www.ubereats.com/tampa/food-delivery/quaker-steak-%26-lube-10400-49th-st/xEe77qP1S3OL-QDdEGvoUQ,pinellas-park-florida
https://www.ubereats.com/tampa/food-delivery/perkins-restaurant-%26-bakery-clearwater/LRqZBggSSd20ls3PPHewLg,pinellas-park-florida
https://www.ubereats.com/tampa/food-delivery/macdintons-st-pete/RckWYZSpSa-cb96Xb_9trA,pinellas-park-florida
https://www.ubereats.com/tampa/food-delivery/outback-steakhouse-7885-113th-street/bIjW3Ky4R2u_s3zPtxHNgQ,pinellas-park-florida
https://www.ubereats.com/tampa/food-delivery/noble-crust/0gTEyWQ_SiWQAdmbgWzS1w,pinellas-park-florida
https://www.ubereats.com/tampa/food-delivery/sonnys-bbq-largo/WaDVlCEuSbim5aioImmZGQ,pinellas-park-florida
https://www.ubereats.com/tampa/food-delivery/burger-king-3575-east-bay-drive/IxRtJ7m7SWafhJHmifgWcw,pinellas-park-florida
https://www.ubereats.com/tampa/food-delivery/pdq-st-pete/AdDxHU4JRT68Eo8ZyTKTmg,pinellas-park-florida
https://www.ubereats.com/tampa/food-delivery/pdq-seminole/-duVS0nyTuuQ5iccD90B8w,pinellas-park-florida
https://www.ubereats.com/tampa/food-delivery/hong-kong/HTamjsnBSqmcdKwyLB-ysg,pinellas-park-florida
https://www.ubereats.com/tampa/food-delivery/taco-bell-8671-ulmerton-rd/sez16h_3TRyWwmjPHGNNrQ,pinellas-park-florida
https://www.ubereats.com/tampa/food-delivery/mity-nice-cafe/xq-8joyYROii_yH65-veZQ,pinellas-park-florida
https://www.ubereats.com/tampa/food-delivery/china-buffet-largo/favJP8zbQGyxMqM4mGb39A,pinellas-park-florida
https://www.ubereats.com/tampa/food-delivery/valhalla-bakery/KbMfGlqmR62pgUpjx3gV_g,pinellas-park-florida
https://www.ubereats.com/tampa/food-delivery/dunkin-8490-park-blvd/3m_69E0hTmuFuJo7sOmepQ,pinellas-park-florida
https://www.ubereats.com/tampa/food-delivery/backwaters-clearwater-beach/q8GAbFJ9TJWe-UlXiZP3MA,pinellas-park-florida
https://www.ubereats.com/tampa/food-delivery/newhongkong-chinese-restaurant/rMhr6S1FSFeFqukYnrDmkg,pinellas-park-florida
https://www.ubereats.com/tampa/food-delivery/the-ice-cream-shop/q4M9hKQaSeWC800J_yMQ5w,pinellas-park-florida
https://www.ubereats.com/tampa/food-delivery/hungry-crab/hmbPnm2RSyu-PfRy4hCxzA,pinellas-park-florida
https://www.ubereats.com/tampa/food-delivery/burger-king-3770-ulmerton-road/IVcMGKpDQzKfUf6SVpoZEA,pinellas-park-florida
https://www.ubereats.com/tampa/food-delivery/fortunato-italian-restaurant/8nfOK_woTmyL9tVvyfsZlw,pinellas-park-florida
https://www.ubereats.com/tampa/food-delivery/mcdonalds-largo-belcher-rd/TH-tyW8yQjyOcfHMx0Tfgg,pinellas-park-florida
https://www.ubereats.com/tampa/food-delivery/kenwood-kitchen/GRaSPF1iSPq3YRIuzZwlqA,pinellas-park-florida
https://www.ubereats.com/tampa/food-delivery/azalea-sandwich-and-salads/hDxPgh-lTU-LDS8thAxbKA,pinellas-park-florida
https://www.ubereats.com/tampa/food-delivery/cowboy-corral/Jlr4-nOzR6SCZOnyYVZxEg,pinellas-park-florida
https://www.ubereats.com/tampa/food-delivery/carmelitas-mexican-restaurant-pinellas-park/vGx0ofccRna3vXTx5_BPrg,pinellas-park-florida
https://www.ubereats.com/tampa/food-delivery/panda-express-11167-park-blvdste-a/LLfu9qdkQH-raCrqPr-3Gg,pinellas-park-florida
https://www.ubereats.com/tampa/food-delivery/fords-garage-st-petersburg/WpPkNAcDToe8d-b6rSw65Q,pinellas-park-florida
https://www.ubereats.com/tampa/food-delivery/johnnys-central-kava-bar/8FX9rUzUTAi8A9Y7-Nw9iA,pinellas-park-florida
https://www.ubereats.com/tampa/food-delivery/the-oyster-bar/F9nBQt91RrOLvVB98iieQg,pinellas-park-florida
https://www.ubereats.com/tampa/food-delivery/rib-shack-bbq/1Hcrc5MfRQeWQGMkXvxOeA,pinellas-park-florida
https://www.ubereats.com/tampa/food-delivery/senor-taco/8XGPS-rgQkm5rh88LB9oDQ,pinellas-park-florida
https://www.ubereats.com/tampa/food-delivery/deli-house/cIMC5zEpSYmY5EhHH644yw,pinellas-park-florida
https://www.ubereats.com/tampa/food-delivery/the-getaway-st-petersburg/h_OXBiffQ62oZw4Vuzfhow,pinellas-park-florida
https://www.ubereats.com/tampa/food-delivery/sids-caribbean-grill-midtown-grand-central-district/2Jy-L_aOSB2-LQxTx8Jh9g,pinellas-park-florida
https://www.ubereats.com/tampa/food-delivery/mcdonalds-3470-ulmerton-road/QYg2YdgIQeK6rjtf0STuRQ,pinellas-park-florida
https://www.ubereats.com/tampa/food-delivery/moes-southwest-grill-204/m4H83627TvG8ZD3my-1gww,pinellas-park-florida
https://www.ubereats.com/tampa/food-delivery/aroy-keri-noodle/94vM4EDpRDyI8Gxi4kal9A,pinellas-park-florida
https://www.ubereats.com/tampa/food-delivery/central-pizza/xNnTO-5dSsmHPa3Vc57S9A,pinellas-park-florida
https://www.ubereats.com/tampa/food-delivery/azucar-lounge-inc/xB3FN9KDRNiVfu4OHtMdBQ,pinellas-park-florida
https://www.ubereats.com/tampa/food-delivery/lotus-vegetarian-restaurant-pinellas-park/h4izgJ7OTvei46tngubVoA,pinellas-park-florida
https://www.ubereats.com/tampa/food-delivery/great-wall-kitchen-st-petersburg/yiJwCtsBQKSLDM2x7HsT7w,pinellas-park-florida
https://www.ubereats.com/tampa/food-delivery/dunkin-13013-66th-st/aL9GS5TBQLe_W1-KDcICPQ,pinellas-park-florida
https://www.ubereats.com/tampa/food-delivery/village-inn/gpqiXS1pQVC9qNPPz9pHsg,pinellas-park-florida
https://www.ubereats.com/tampa/food-delivery/limon-loco-24-7-fresh-mexican-grill-kenneth-city/evEa1L3FRnKUxq_vmjcLFg,pinellas-park-florida
https://www.ubereats.com/tampa/food-delivery/crafty-crab-st-pete/_coZzdnSRpC_TdpbOFcIeg,pinellas-park-florida
https://www.ubereats.com/tampa/food-delivery/checkers-4909-ulmerton-rd/br1eu-ePTymxlCgx7DF9gA,pinellas-park-florida
https://www.ubereats.com/tampa/food-delivery/red-mesa-cantina-downtown-st-petersburg/X2LUfYXpR-aqQyOs4sY30Q,pinellas-park-florida
https://www.ubereats.com/tampa/food-delivery/subway-7725-ulmerton-rd/nDdZgNkYRKmC3IscnHnY3Q,pinellas-park-florida
https://www.ubereats.com/tampa/food-delivery/pdq-clearwater/Ciz2kloBT5yC7_135qOh2A,pinellas-park-florida
https://www.ubereats.com/tampa/food-delivery/rawk-star-cafe/dixdVNRkSbWajaDEui3iSQ,pinellas-park-florida
https://www.ubereats.com/tampa/food-delivery/kao-thai-kitchen/PPkr6MDuRMOMfmom9Zd34g,pinellas-park-florida
https://www.ubereats.com/tampa/food-delivery/golden-bear/cEPOl6JlRlaH7SV0OLLyKQ,pinellas-park-florida
https://www.ubereats.com/tampa/food-delivery/copa/dear2QGDTQerDq3pgKEkZQ,pinellas-park-florida
https://www.ubereats.com/tampa/food-delivery/subway-3753-ulmerton-rd/efq_TPtCTtG6O_VRnm4QFQ,pinellas-park-florida
https://www.ubereats.com/tampa/food-delivery/wawa-5125-6200-n-34th-st/DecB77VfSO2DA6EYSMXe4w,pinellas-park-florida
https://www.ubereats.com/tampa/food-delivery/cracker-barrel-old-country-store-4011-ulmerton-rd/SG-LNSGYRl6KV01ZBUfkhw,pinellas-park-florida
https://www.ubereats.com/tampa/food-delivery/tikanis-madeira-redington/1Wd51S1wTnu7IR8bHAxKYg,pinellas-park-florida
https://www.ubereats.com/tampa/food-delivery/lennys-restaurant/fiCrP6WBSLC21KbXzLx1sw,pinellas-park-florida
https://www.ubereats.com/tampa/food-delivery/village-inn-13105-walsingham-rd/T-iEK_wEQGaYJVkT5x7HeA,pinellas-park-florida
https://www.ubereats.com/tampa/food-delivery/pollo-tropical-3900-park-blvd/TTX-niVGRwSnk1V00ttcUg,pinellas-park-florida
https://www.ubereats.com/tampa/food-delivery/arbys-571-34th-st-n/zBozHG45TwOkDkIMYxa1LQ,pinellas-park-florida
https://www.ubereats.com/tampa/food-delivery/hungry-howies-pizza-largo-14219-w-walsingham/vRNEvJrdTi66TwDphyD4xA,pinellas-park-florida
https://www.ubereats.com/tampa/food-delivery/bakery-makel/jBt8qE3iRtihDVNSm5-qCA,pinellas-park-florida
https://www.ubereats.com/tampa/food-delivery/brooklyn-pizza-company/kpEyMVp8T-WCZ428oujFow,pinellas-park-florida
https://www.ubereats.com/tampa/food-delivery/mcdonalds-102nd-avenue/mLUexOFNR9Oriyad5JAosw,pinellas-park-florida
https://www.ubereats.com/tampa/food-delivery/wawa-5241-5901-9th-ave-n/CTdqvhDQToWxjXS7a6Ksjg,pinellas-park-florida
https://www.ubereats.com/tampa/food-delivery/willie-jewells-old-school-bar-b-q-seminole/yUWZAWHlTWizTiBT6LQ7qQ,pinellas-park-florida
https://www.ubereats.com/tampa/food-delivery/deccan-spice-2325-ulmerton-rd/KyRsg3BxQs2H9sI9ptcoVg,pinellas-park-florida
https://www.ubereats.com/tampa/food-delivery/larrys-ice-cream-gelato-%26-mini-donuts/fcOJTRIGQ1mozQbbanvBqg,pinellas-park-florida
https://www.ubereats.com/tampa/food-delivery/the-wooden-rooster-downtown-st-petersburg/8r4ED9EpR0O6mzTk1Te2kg,pinellas-park-florida
https://www.ubereats.com/tampa/food-delivery/ciccio-cali-st-petersburg/GgCALmneTHiIDuwX-oV8SQ,pinellas-park-florida
https://www.ubereats.com/tampa/food-delivery/green-market-cafe-clearwater/4CwV-YufTCu8XkO8qEFBAQ,pinellas-park-florida
https://www.ubereats.com/tampa/food-delivery/smiley-thai-to-go/rB1qBR-7TXu6-cHb4LhP_A,pinellas-park-florida
https://www.ubereats.com/tampa/food-delivery/firehouse-subs-largo/Ik8OHa2XTk6wQdZc61zHMA,pinellas-park-florida
https://www.ubereats.com/tampa/food-delivery/casual-clam/x3KSa2taRgG93UJw0wuvag,pinellas-park-florida
https://www.ubereats.com/tampa/food-delivery/pepos-cuban-cafe-9939-4th-st-n/m8VFQvwCRHeiN1K23l1y4g,pinellas-park-florida
https://www.ubereats.com/tampa/food-delivery/moes-southwest-grill-11140-starkey-road/bGB9oAEqRZSs1Oki6tFgSQ,pinellas-park-florida
https://www.ubereats.com/tampa/food-delivery/asian-wok-st-petersburg/JE3XSzzbRgKiI7D7wvI7aQ,pinellas-park-florida
https://www.ubereats.com/tampa/food-delivery/kogi-grill/v49kWDZKSUu43G1avY29FA,pinellas-park-florida
https://www.ubereats.com/tampa/food-delivery/top-ramen/J8DzeZ0ZQH-PtZpK9aBF0g,pinellas-park-florida
https://www.ubereats.com/tampa/food-delivery/cracker-barrel-old-country-store-2151-54th-avenue-north/NPJnXWXnTRa5v8rVMIlo-A,pinellas-park-florida
https://www.ubereats.com/tampa/food-delivery/cassis-american-brasserie-downtown-st-petersburg/YPo3kS5-QOeA6jHeEnhZ5g,pinellas-park-florida
https://www.ubereats.com/tampa/food-delivery/burger-king-6760-22nd-ave-north/SiWuA8ySRUepazQRn6FHTw,pinellas-park-florida
https://www.ubereats.com/tampa/food-delivery/kfc-6595-park-boulevard/MEGSfXb-QKewiarPZ2cabw,pinellas-park-florida
https://www.ubereats.com/tampa/food-delivery/buffalo-wild-wings-4075-park-blvd-n/gJ9d-rqySbyqoiSodG6nHA,pinellas-park-florida
https://www.ubereats.com/tampa/food-delivery/la-gloria-colombian-restaurant/dxKNfEPRQYCHlofn-z-ABg,pinellas-park-florida
https://www.ubereats.com/tampa/food-delivery/cicis/UHvlvf6cRHSNX6FLSXcR6Q,pinellas-park-florida
https://www.ubereats.com/tampa/food-delivery/rain-japanese-sushi-bar/E2wDSsEXTr-Stm09YSOEFQ,pinellas-park-florida
https://www.ubereats.com/tampa/food-delivery/little-greek-gulf-to-bay/0HBABY4zTDC_QmJL284ZTg,pinellas-park-florida
https://www.ubereats.com/tampa/food-delivery/punkys-bar-%26-grill/p2g7I6u1T4Gl7FE27OBQ-A,pinellas-park-florida
https://www.ubereats.com/tampa/food-delivery/mikes-burgers/hu6YvHMFRV2nINQqH8PBdQ,pinellas-park-florida
https://www.ubereats.com/tampa/food-delivery/caddys-on-the-beach-st-pete-beach/wWJF_egITtGZKzSfUcH2Rw,pinellas-park-florida
https://www.ubereats.com/tampa/food-delivery/bubba-gump-shrimp-co-185-boardwalk-place-west/L2HVk_-hRpe4Etxdvs0WDg,pinellas-park-florida
https://www.ubereats.com/tampa/food-delivery/sunrise-restaurant/TZiSxZwER2O7ISHI7WuiUA,pinellas-park-florida
https://www.ubereats.com/tampa/food-delivery/frescos-waterfront-bistro/2P9pZeA2TvS0OhwGNbgXmQ,pinellas-park-florida
https://www.ubereats.com/tampa/food-delivery/subway-3135-34th-st-n/Na0BtrnPSw-Q7u9kfjZ1xA,pinellas-park-florida
https://www.ubereats.com/tampa/food-delivery/pete-%26-shortys-tavern-clearwater/Gdou8q2GSTGjXEmx6dJ2kQ,pinellas-park-florida
https://www.ubereats.com/tampa/food-delivery/bavaros-pizza-napoletana-%26-pastaria-st-pete/lBm0mUYWTx6f35ugcInppQ,pinellas-park-florida
https://www.ubereats.com/tampa/food-delivery/mamas-famous-pizza-largo/vCNQvNtiRVGdfzJZq8X4tg,pinellas-park-florida
https://www.ubereats.com/tampa/food-delivery/kakachi-juicy-shrimp-n-wings/7o00A_hCQo-RqGUVNNr-gg,pinellas-park-florida
https://www.ubereats.com/tampa/food-delivery/sonic-7725-49th-street-north/MUgnBATJRjGgVaj1aeNGGg,pinellas-park-florida
https://www.ubereats.com/tampa/food-delivery/alma-llanera-venezuelan-food-pinellas-park/b_1Lk5Q9TCqoSogaKuvWJA,pinellas-park-florida
https://www.ubereats.com/tampa/food-delivery/seminole-subs-%26-gyros-largo/_HNp0vOnRkCltqudd1R1BA,pinellas-park-florida
https://www.ubereats.com/tampa/food-delivery/dr-bbq/yoJnMw1xQjGTsfvF-bdqEQ,pinellas-park-florida
https://www.ubereats.com/tampa/food-delivery/aroma-indian-cuisine/WyRDwNQGQNil8slbsFGMqg,pinellas-park-florida
https://www.ubereats.com/tampa/food-delivery/joes-crab-shack-2730-gulf-to-bay-blvd/qvGJMs4VT-Sj7v04U0l6DQ,pinellas-park-florida
https://www.ubereats.com/tampa/food-delivery/capognas-dugout-clearwater/Y8Hhw9MHSXqq0kQW-6GZUw,pinellas-park-florida
https://www.ubereats.com/tampa/food-delivery/taco-bell-2028-66th-st/TfYtA6xhQqmnLUbn1O5M_A,pinellas-park-florida
https://www.ubereats.com/tampa/food-delivery/latin-bowl-restaurant/ybI4aAxGT4ShsFmgwZbLJw,pinellas-park-florida
https://www.ubereats.com/tampa/food-delivery/popeyes-louisiana-kitchen-8700-ulmerton-rd/_iijkk9WSpaopYNVSqgsxg,pinellas-park-florida
https://www.ubereats.com/tampa/food-delivery/village-inn-10155-bay-pines-blvd/EyM5jl56T5yYwEi14_Eqwg,pinellas-park-florida
https://www.ubereats.com/tampa/food-delivery/hawkers-asian-street-fare-st-pete/7IfosxrpS6O99cDc-OdKzw,pinellas-park-florida
https://www.ubereats.com/tampa/food-delivery/renzos-st-pete/qXcfCUagTKyjnqdQLm2xTA,pinellas-park-florida
https://www.ubereats.com/tampa/food-delivery/belleair-market/xcZMjsSGQP24s3bbiQQoKA,pinellas-park-florida
https://www.ubereats.com/tampa/food-delivery/the-outpost-on-gandy/-V0wBZklTvqtnecp6KOruQ,pinellas-park-florida
https://www.ubereats.com/tampa/food-delivery/the-wooden-rooster-seminole/YIrVoxW7S0q-aFcWOSjHCw,pinellas-park-florida
https://www.ubereats.com/tampa/food-delivery/bookmark-cafe/Vp98D-46Ro2qH7YtFav0_w,pinellas-park-florida
https://www.ubereats.com/tampa/food-delivery/caramba/kRjTrMq8TS6_sDKTN_hoyA,pinellas-park-florida
https://www.ubereats.com/tampa/food-delivery/chipotle-mexican-grill-780-4th-st-n/yQvgQxVSTIu1jNBBPBCZQw,pinellas-park-florida
https://www.ubereats.com/tampa/food-delivery/bangkok-street-food/xuqoUCyqS22smXS0ihVL0w,pinellas-park-florida
https://www.ubereats.com/tampa/food-delivery/cedars-grill-st-petersburg/hS-G_WOTQBKCGyEkhxLCXw,pinellas-park-florida
https://www.ubereats.com/tampa/food-delivery/hungry-howies-pizza-largo-%23117/mbN7wBHvRMSbIWW0iKvjDw,pinellas-park-florida
https://www.ubereats.com/tampa/food-delivery/top-slice/PNDmKg8HSVyks5AxnlspmA,pinellas-park-florida
https://www.ubereats.com/tampa/food-delivery/busy-bee-snak-shop/2WD4vhvkRCaqGiDJcQCUrw,pinellas-park-florida
https://www.ubereats.com/tampa/food-delivery/mcdonalds-5111-gulfport-blvd/zKgHJIg7SyOzwUA13o3rzg,pinellas-park-florida
https://www.ubereats.com/tampa/food-delivery/your-mothers-backyard-sandwiches/souTcRY9Rzmy5W6dzCSuxg,pinellas-park-florida
https://www.ubereats.com/tampa/food-delivery/the-kings-bistro/et1ZVGm4QlOez-04njwI8g,pinellas-park-florida
https://www.ubereats.com/tampa/food-delivery/starbucks-park-%26-belcher/BF1h4DjgQ4G_LykTQPOsnA,pinellas-park-florida
https://www.ubereats.com/tampa/food-delivery/benedicts-family-restaurant-largo/JANtuAz-TSOq88D-kiwqSQ,pinellas-park-florida
https://www.ubereats.com/tampa/food-delivery/dooriban-korean-restaurant/0ErjvOgtQsGt2dYUR5j7gw,pinellas-park-florida
https://www.ubereats.com/tampa/food-delivery/beach-bites-%26-burgers/1XoEJ8IYSryeU6okEPkIJw,pinellas-park-florida
https://www.ubereats.com/tampa/food-delivery/soup-n-greens-st-pete/FU9Rl-hKRiGBdWkirXsXdQ,pinellas-park-florida
https://www.ubereats.com/tampa/food-delivery/benedicts-pinellas-park/XGLey_TUQFKc5DVyYkkcBg,pinellas-park-florida
https://www.ubereats.com/tampa/food-delivery/da-sesto-italian-restaurant/7slkTUhkTQOGe4e16t3Ttg,pinellas-park-florida
https://www.ubereats.com/tampa/food-delivery/burger-king-3554-central-avenue/G1a5Hjq6THmKcZU821gdEA,pinellas-park-florida
https://www.ubereats.com/tampa/food-delivery/first-watch-4th-street/Nm0mXnN5SSWgglffgOvsUw,pinellas-park-florida
https://www.ubereats.com/tampa/food-delivery/steak-n-shake-8101-dr-martin-luther-king-st-n/9XNBX_8YT1yXarq5E01oQg,pinellas-park-florida
https://www.ubereats.com/tampa/food-delivery/gershys-cafe-%26-pastry/hSnk9I3qTAu8VA-xZ9hH2w,pinellas-park-florida
https://www.ubereats.com/tampa/food-delivery/st-pete-bagel-co-4th-st/VrHHAhWMS9OiyEt6Nzn2SA,pinellas-park-florida
https://www.ubereats.com/tampa/food-delivery/island-escape-grill/abJbV2waQkmV9S9av4m6zw,pinellas-park-florida
https://www.ubereats.com/tampa/food-delivery/beach-snoballs/I0rq42wyQ5WB7STj9ZlDgg,pinellas-park-florida
https://www.ubereats.com/tampa/food-delivery/firehouse-subs-st-petersburg-roosevelt/Sq_6KDl6QYyGa4_NamJdCw,pinellas-park-florida
https://www.ubereats.com/tampa/food-delivery/taco-bell-9211-4th-st-north/iEPQOuUGThWekjhReCjVPA,pinellas-park-florida
https://www.ubereats.com/tampa/food-delivery/marios-barrel-house/qTVKYvtQQmKEMkLeO4SSKQ,pinellas-park-florida
https://www.ubereats.com/tampa/food-delivery/mcdonalds-roosevelt-%26-19/7zG4v6NaSeSTVc6MhuW8Sw,pinellas-park-florida
https://www.ubereats.com/tampa/food-delivery/thai-am-restaurant/v25HXj6SQr6NYe7EZetgxA,pinellas-park-florida
https://www.ubereats.com/tampa/food-delivery/wingin-it/ZGyAZgrhQ92gzijqQfh_OQ,pinellas-park-florida
https://www.ubereats.com/tampa/food-delivery/la-mordida-restaurant-bar-%26-grill/1EH5RhsXQJ6jaHmLSK_Jbg,pinellas-park-florida
https://www.ubereats.com/tampa/food-delivery/wendys-4960-e-bay-drive/BRCfh4rOSwS6bc8W703pSg,pinellas-park-florida
https://www.ubereats.com/tampa/food-delivery/nueva-cantina/XS0GEtWZTqW0uqST16EpRQ,pinellas-park-florida
https://www.ubereats.com/tampa/food-delivery/bula-kafe/YyW4qFX8SCmeLkPksoBXPA,pinellas-park-florida
https://www.ubereats.com/tampa/food-delivery/millers-ale-house-st-pete/9DNTzKEdSfuBXJZBtk13Sg,pinellas-park-florida
https://www.ubereats.com/tampa/food-delivery/applebees-2901-66th-street-north/ROCdFp2CQzmzD_PzTw0m4A,pinellas-park-florida
https://www.ubereats.com/tampa/food-delivery/ocean-blue-asian-fusion/_J9fVmZjScCjePvGklQJ8g,pinellas-park-florida
https://www.ubereats.com/tampa/food-delivery/jersey-mikes-roosevelt-blvd-n-%26-102nd-ave-n/KxjVTtKNSAOxOcSwUqLNhg,pinellas-park-florida
https://www.ubereats.com/tampa/food-delivery/granadinos-italian-restaurant/gdxubIudRP6BusewPMJ8ZA,pinellas-park-florida
https://www.ubereats.com/tampa/food-delivery/pizza-hut-8070-49th-st-units-2%263/gk2iL-aeSpyLGYVWaBmO2Q,pinellas-park-florida
https://www.ubereats.com/tampa/food-delivery/the-artistic-whisk/H5P3tfOIR4q8zT86cNQp1A,pinellas-park-florida
https://www.ubereats.com/tampa/food-delivery/hoots-at-jannus-live/ISE4mhcRSaeamO2--TLBpQ,pinellas-park-florida
https://www.ubereats.com/tampa/food-delivery/hungry-howies-pizza-seminole-6989-seminole-blvd/ouSGy516SRuoze-jB_JK_Q,pinellas-park-florida
https://www.ubereats.com/tampa/food-delivery/jets-pizza-clearwater/gh9R98lnSGaDtjFa5k3osA,pinellas-park-florida
https://www.ubereats.com/tampa/food-delivery/papa-johns-3700-ulmerton-rd/qwSp4i4PRQGW37FcWKDKuQ,pinellas-park-florida
https://www.ubereats.com/tampa/food-delivery/rollbotto-sushi/Z5_wBnvURpqHE0ZB9WaSYQ,pinellas-park-florida
https://www.ubereats.com/tampa/food-delivery/sea-dog-brewpub-ti-lcc/Gbn3zZkCQmCtmb3nhRLbTw,pinellas-park-florida
https://www.ubereats.com/tampa/food-delivery/thai-coconut-clearwater-2/xtRr6gRpT2qhnVaZI-uvYg,pinellas-park-florida
https://www.ubereats.com/tampa/food-delivery/westshore-pizza-largo/s9XCycyFQse6swbIQ6hFCA,pinellas-park-florida
https://www.ubereats.com/tampa/food-delivery/old-key-west-bar-%26-grill-midtown-grand-central-district/Ufpe-aKCReG_4wb53khdBw,pinellas-park-florida
https://www.ubereats.com/tampa/food-delivery/taco-bell-13709-walsingham-rd/aKE6O9llRzuEHDIqp7XUcw,pinellas-park-florida
https://www.ubereats.com/tampa/food-delivery/subway-7099-66th-st-n/o1Y7jo6hQBaq5oSFKIexlw,pinellas-park-florida
https://www.ubereats.com/tampa/food-delivery/asian-pearl-chinese-restaurant/3m7wzlpOSJewvCRHQ-LX2w,pinellas-park-florida
https://www.ubereats.com/tampa/food-delivery/edo-japanese-steakhouse-tyrone/qXWAOg24TaihWWFnvwHDXg,pinellas-park-florida
https://www.ubereats.com/tampa/food-delivery/chipotle-mexican-grill-1418-66th-st-n/6pqn17p5QG-4cvy3s4evRg,pinellas-park-florida
https://www.ubereats.com/tampa/food-delivery/chill-restaurant-%26-bar-st-pete-beach/xYkzSZbDT7OmZsSdwejmlg,pinellas-park-florida
https://www.ubereats.com/tampa/food-delivery/dunkin-3934-49th-st-n/co7uY9KQSWGI2PAMZ_KPjw,pinellas-park-florida
https://www.ubereats.com/tampa/food-delivery/aroy-raw-bar/InR8LYWuRRenN84eTYuySw,pinellas-park-florida
https://www.ubereats.com/tampa/food-delivery/pieology-pizzeria-11165-park-blvd/e6CqLKjfTpKObbNhcC9v7g,pinellas-park-florida
https://www.ubereats.com/tampa/food-delivery/circle-k-5756-central-ave/lmsFrpR2S9iaTez6kdHzQA,pinellas-park-florida
https://www.ubereats.com/tampa/food-delivery/steak-n-shake-10555-ulmerton-road/AMnxkWkyTsG7w2_5wRM7HA,pinellas-park-florida
https://www.ubereats.com/tampa/food-delivery/mcdonalds-starkey/l-UgCRHSSWWmczmQxjm2Ig,pinellas-park-florida
https://www.ubereats.com/tampa/food-delivery/dixies-dog-house-treasure-island/_HbQ-WJaTzS2WSHzGcOk8Q,pinellas-park-florida
https://www.ubereats.com/tampa/food-delivery/st-pete-burger-co/4O2pZAriS16LK4MUdcC0OQ,pinellas-park-florida
https://www.ubereats.com/tampa/food-delivery/long-john-silvers-largo-2/vGL0OT0kRmCF_yzGNSRLog,pinellas-park-florida
https://www.ubereats.com/tampa/food-delivery/wawa-5159-2465-22nd-avenue-north/jc2GmaI7QQG_7ZbGwuCfkQ,pinellas-park-florida
https://www.ubereats.com/tampa/food-delivery/terra-mar-brazilian-steakhouse/zZfkYyNcSU-wdTzzwwVSTw,pinellas-park-florida
https://www.ubereats.com/tampa/food-delivery/pizza-%40tyrone-square/xYSdKZW-SEK4U5mNQoLEMQ,pinellas-park-florida
https://www.ubereats.com/tampa/food-delivery/4th-street-kava-house/ZzKi_n4BT--UomcefM3ohA,pinellas-park-florida
https://www.ubereats.com/tampa/food-delivery/burgerfi-seminole/q9xu5IR8QYut4-PxxkQBOQ,pinellas-park-florida
https://www.ubereats.com/tampa/food-delivery/vittorias-pizza-24-7/q7gxLT9DQvm7X38CWB-VfA,pinellas-park-florida
https://www.ubereats.com/tampa/food-delivery/tampa-style-cubans/WdRFQuGdROuye7qaiTvCCg,pinellas-park-florida
https://www.ubereats.com/tampa/food-delivery/paisanos-pizza-n-pasta/B7AfAL2zT7GoiGMqc-By7w,pinellas-park-florida
https://www.ubereats.com/tampa/food-delivery/first-watch-tyrone-xing/ps-AqqbASBWhi4D1NRZCeA,pinellas-park-florida
https://www.ubereats.com/tampa/food-delivery/joes-new-york-style-pizzeria-and-restaurant/yjPvALS8R1ys9CFyuG7TkA,pinellas-park-florida
https://www.ubereats.com/tampa/food-delivery/kfc-taco-bell-1648-s-missouri-avenue/lFSeD9bYT2m4KMeusYiHaQ,pinellas-park-florida
https://www.ubereats.com/tampa/food-delivery/greek-city-cafe-largo/DX-g37XUQRyVWbdoR-cWIA,pinellas-park-florida
https://www.ubereats.com/tampa/food-delivery/deanos-beach-kitchen/xI1xs_lmRLKdreA7k18AJw,pinellas-park-florida
https://www.ubereats.com/tampa/food-delivery/the-silver-spoon-diner/k18vPljCRoiCwT_8SUggQA,pinellas-park-florida
https://www.ubereats.com/tampa/food-delivery/sweet-stack-shack/mvpzMZQAS-mJpuusXjJ5hQ,pinellas-park-florida
https://www.ubereats.com/tampa/food-delivery/evosfeel-great-food!-st-petersburg/Tf4k33ZrSXyPe2HzHlIpwQ,pinellas-park-florida
https://www.ubereats.com/tampa/food-delivery/umai-sushi/sQ-ufidpT5O3gzXIy5Qb1Q,pinellas-park-florida
https://www.ubereats.com/tampa/food-delivery/the-outpost-on-gandy-llc/yb2DYrtHQfqFj7cb8Q-iMg,pinellas-park-florida
https://www.ubereats.com/tampa/food-delivery/the-spot-sushi-burritos/weuwmP_5TBSzAlkX0_2r8w,pinellas-park-florida
https://www.ubereats.com/tampa/food-delivery/new-china-beach-largo/gyF1WAdIQpSQWyu_DjvHmA,pinellas-park-florida
https://www.ubereats.com/tampa/food-delivery/red-lobster-10500-e-ulmerton-road-%23490/vCJE2mYhTYuxNxky7r5Q9Q,pinellas-park-florida
https://www.ubereats.com/tampa/food-delivery/st-pete-bagel-co-kenneth-city/gNcxfTeLSX6ItV2AaJgd5w,pinellas-park-florida
https://www.ubereats.com/tampa/food-delivery/mad-hatters-tea-bar-st-petersburg/ZPUx3uZTQxKJKfUwKzmkow,pinellas-park-florida
https://www.ubereats.com/tampa/food-delivery/7001-bonefish-grill-5062-4th-st-n/mU3blvhURyCg7tLuB_yxPA,pinellas-park-florida
https://www.ubereats.com/tampa/food-delivery/dunkin-8650-49th-st-n/_rfBVmFiQOmwsGOTbjWqjw,pinellas-park-florida
https://www.ubereats.com/tampa/food-delivery/boardwalk-vibes/JEowdoM_SXOQBm4Ret2geQ,pinellas-park-florida
https://www.ubereats.com/tampa/food-delivery/smokin-sandwiches/y9AEM3IiT9yFV0pB5d_TbA,pinellas-park-florida
https://www.ubereats.com/tampa/food-delivery/chicks-chicken-shack/D0qVkNiMQvWkt2rJWTT3aA,pinellas-park-florida
https://www.ubereats.com/tampa/food-delivery/largo-family-restaurant-largo/1oT4zu1pQJKqG7zlNuN20A,pinellas-park-florida
https://www.ubereats.com/tampa/food-delivery/burger-king-3701-34th-street-north/z_fZ7Z-DR4OYxLHOJz0HZA,pinellas-park-florida
https://www.ubereats.com/tampa/food-delivery/soho-juice-company-st-petersburg/dP3t1uC3Q-STBgqqEX8brw,pinellas-park-florida
https://www.ubereats.com/tampa/food-delivery/wawa-5176-1215-n-missouri-ave/4BcJZN2GQBeQ0oiJpFPIHg,pinellas-park-florida
https://www.ubereats.com/tampa/food-delivery/oh-greek/u7Vmwv4LQe2PzVeuD0BEmA,pinellas-park-florida
https://www.ubereats.com/tampa/food-delivery/millers-ale-house-seminole/bo1VNFi7T0yat54ybfnHeQ,pinellas-park-florida
https://www.ubereats.com/tampa/food-delivery/le-macaron-french-pastries-st-petersburg/eADnnrcWR1ut-HTqtllI6g,pinellas-park-florida
https://www.ubereats.com/tampa/food-delivery/okeefes-tavern-clearwater/AyUZ_SFfSVG9p2y_y5_HbQ,pinellas-park-florida
https://www.ubereats.com/tampa/food-delivery/wendys-8770-ulmerton-road/J0SmvWnYT2CAE7X_XqK6IQ,pinellas-park-florida
https://www.ubereats.com/tampa/food-delivery/smokin-burger/mnqOgwNERRSePi84VPoM5Q,pinellas-park-florida
https://www.ubereats.com/tampa/food-delivery/convenient-food-mart/xsiYBSKQTMKgEEVwM2LF2g,pinellas-park-florida
https://www.ubereats.com/tampa/food-delivery/bangkok-clearwater/7yLU49A-S2SeRGplcsOBaQ,pinellas-park-florida
https://www.ubereats.com/tampa/food-delivery/mcdonalds-49th-street/MV4wxVDGQDOqH-WjXLJSvg,pinellas-park-florida
https://www.ubereats.com/tampa/food-delivery/kao-thai-street-food/pQXMyL1WTj-U4qERCn0uBA,pinellas-park-florida
https://www.ubereats.com/tampa/food-delivery/checkers-8199-us-highway-19-north/qQlviuqeSCKi9F-Ir9-X9A,pinellas-park-florida
https://www.ubereats.com/tampa/food-delivery/quikiriki/X1Smow5bTiOkjZLkpy5r0w,pinellas-park-florida
https://www.ubereats.com/tampa/food-delivery/better-byrd/R4yj5bvnShKOBaYcLnkuCw,pinellas-park-florida
https://www.ubereats.com/tampa/food-delivery/thai-bay-and-sushi-restaurant-largo/4hwQn9rFRwOUnW1F6Fu01Q,pinellas-park-florida
https://www.ubereats.com/tampa/food-delivery/mr-sushi/n9nCfIpgQfO2RXUDZBIuzg,pinellas-park-florida
https://www.ubereats.com/tampa/food-delivery/aroy-pad-thai/WrG1q-LsRfCsT3wtrx1RLQ,pinellas-park-florida
https://www.ubereats.com/tampa/food-delivery/westshore-pizza/E8xiWJAcQ--_ib1psDaLZg,pinellas-park-florida
https://www.ubereats.com/tampa/food-delivery/jersey-mikes-subs-seminole-11167-park-blvd-n/_DNbaSaKTWyAeugNmBWb1w,pinellas-park-florida
https://www.ubereats.com/tampa/food-delivery/dunkin-1100-tyrone-blvd-n/WmOg0-VeRmGKh58zX52BJA,pinellas-park-florida
https://www.ubereats.com/tampa/food-delivery/taste-of-the-islands-restaurant-%26-grill-st-petersburg/eQO7DRxMTfGWDAtRpOzQ8Q,pinellas-park-florida
https://www.ubereats.com/tampa/food-delivery/pizza-hut-7321-park-blvd/TONUdE1VQxGKirlkGQJwSQ,pinellas-park-florida
https://www.ubereats.com/tampa/food-delivery/te-nona-delicatus/me4YmsSQRoKgA0bCekjIFw,pinellas-park-florida
https://www.ubereats.com/tampa/food-delivery/dunkin-3850-34th-st-s/7YP9fc2cSNeEe2ra4LnVTQ,pinellas-park-florida
https://www.ubereats.com/tampa/food-delivery/ha-long-bay-st-petersburg/ow_Qws8bQXaKh0knkNrMNQ,pinellas-park-florida
https://www.ubereats.com/tampa/food-delivery/mcdonalds-largo-mall/GPIgiwzaRBqqwn4ZK-YBsA,pinellas-park-florida
https://www.ubereats.com/tampa/food-delivery/village-inn-clearwater/u0Fq6hvwRmC7UqfQKIKMuQ,pinellas-park-florida
https://www.ubereats.com/tampa/food-delivery/tazikis-medterranean-cafe/PcUqYpIXTtKPCtlb2Vil0A,pinellas-park-florida
https://www.ubereats.com/tampa/food-delivery/the-mill-restaurant-downtown-st-petersburg/xc3GveHLQai6rDLDv565vQ,pinellas-park-florida
https://www.ubereats.com/tampa/food-delivery/auntie-annes-at-tyrone-square-16946-tyrone-square/0-J-IuIYRcOjF9hlZ9wh2A,pinellas-park-florida
https://www.ubereats.com/tampa/food-delivery/dunkin-1200-pasadena-ave-s/0lLH8l4GSe-ZJP9jP41oJg,pinellas-park-florida
https://www.ubereats.com/tampa/food-delivery/applebees-4000-park-blvd/BQMMj1T3RJectg8vs0FQQA,pinellas-park-florida
https://www.ubereats.com/tampa/food-delivery/parkshore-grill/cSyAfHrDTxqW9sE-roQ0Kw,pinellas-park-florida
https://www.ubereats.com/tampa/food-delivery/zaytoon-grill-st-petersburg/sEFVWeS9QQuISPPlIaVBLQ,pinellas-park-florida
https://www.ubereats.com/tampa/food-delivery/pipos-cuban-cafe-bay-pines/XwlFNRWGRDqk3sa6yLqZCA,pinellas-park-florida
https://www.ubereats.com/tampa/food-delivery/la-v/9h-M3U19QSSb2d6GBgjAIw,pinellas-park-florida
https://www.ubereats.com/tampa/food-delivery/custom-cafe-and-catering/3YynJ4CwQ9qTLIdEFuJK8g,pinellas-park-florida
https://www.ubereats.com/tampa/food-delivery/seabreeze-family-restaurant/B3WKQ62QQ3aDkuPEoHYGRw,pinellas-park-florida
https://www.ubereats.com/tampa/food-delivery/wung-thai-restaurant-and-sushi/cCjtq3RlRx6hyx18VnGRtQ,pinellas-park-florida
https://www.ubereats.com/tampa/food-delivery/barbs-wooden-spoon/EIcU6sYzQhyK82tUahNluA,pinellas-park-florida
https://www.ubereats.com/tampa/food-delivery/grumpy-gringo/sFJSLcGaQXW_z4tN0f0dKw,pinellas-park-florida
https://www.ubereats.com/tampa/food-delivery/tropical-smoothie-cafe-gulf-to-bay-boulevard/qvh5yjzNSkGbWJK8GlUdZA,pinellas-park-florida
https://www.ubereats.com/tampa/food-delivery/pizza-hut-9099-4th-st-n/NZmGF7h7QUetuIL0oKaSEQ,pinellas-park-florida
https://www.ubereats.com/tampa/food-delivery/stillwaters-tavern/bNFvTkjQTdG5Jt4yHtnzXw,pinellas-park-florida
https://www.ubereats.com/tampa/food-delivery/mugs-n-jugs-largo/Qe9GcDA6QbCTSqt3Np7CGQ,pinellas-park-florida
https://www.ubereats.com/tampa/food-delivery/dunkin-3920-ulmerton-rd/PA6J0q-dRRqvq5e_ZwIVeg,pinellas-park-florida
https://www.ubereats.com/tampa/food-delivery/pho-quyen-vietnamese-restaurant-pinellas-park-fl/tIa9m2aqRlqXDtyRsYGAUA,pinellas-park-florida
https://www.ubereats.com/tampa/food-delivery/hao-wah-chinese-restaurant-pinellas-park/Irn3ya5jRMqG5tUumCpWbA,pinellas-park-florida
https://www.ubereats.com/tampa/food-delivery/taco-bell-4703-66th-street-north/d0DY_0LXQiKLn0UcFnXsBA,pinellas-park-florida
https://www.ubereats.com/tampa/food-delivery/wendys-3335-ulmerton-rd/LuuN3oLUQzyVKPEmg0LNBw,pinellas-park-florida
https://www.ubereats.com/tampa/food-delivery/krispy-krab-largo/twvBiigATCiLonFUaX578A,pinellas-park-florida
https://www.ubereats.com/tampa/food-delivery/1933-pub-%26-grill-clearwater/Tx3_y2qYTCe6hk8UM0Oiiw,pinellas-park-florida
https://www.ubereats.com/tampa/food-delivery/a%26w-all-american-food-351-missouri-ave-n/FMYhjOnsS3egGYvxDj9L_w,pinellas-park-florida
https://www.ubereats.com/tampa/food-delivery/the-pizza-joint-49th-street-north/pdyl6av-TVeK8JglkUcrCw,pinellas-park-florida
https://www.ubereats.com/tampa/food-delivery/pal-joeys-pizza/YtmVncSHQyqYwhvncvqJLg,pinellas-park-florida
https://www.ubereats.com/tampa/food-delivery/maple-street-biscuit-company-seminole/6MKjK2jTTMiLr5SxoNFB7Q,pinellas-park-florida
https://www.ubereats.com/tampa/food-delivery/glory-days-grill-tyrone/zI3a-Sw3RCGBIKDWchRHbw,pinellas-park-florida
https://www.ubereats.com/tampa/food-delivery/fresh-factory/R8ejhGY3Qki4zpcRe9s8CQ,pinellas-park-florida
https://www.ubereats.com/tampa/food-delivery/hay-querico-puerto-rico/8RtaiYghRf-qqtmsXAxeQA,pinellas-park-florida
https://www.ubereats.com/tampa/food-delivery/subway-3431-b-49th-st-n/TVjVgnFYQ521eMjOA3dWwA,pinellas-park-florida
https://www.ubereats.com/tampa/food-delivery/banelly-tienda-y-taqueria/8voY81l-SGeIw68I8aqUnQ,pinellas-park-florida
https://www.ubereats.com/tampa/food-delivery/wawa-5141-8910-ulmerton-rd/m1BIW9WtTyWEvZLpFgAYkw,pinellas-park-florida
https://www.ubereats.com/tampa/food-delivery/starbucks-gulf-to-bay-%26-cross-cir/vAjZCNokQkWVvUMygLT7fg,pinellas-park-florida
https://www.ubereats.com/tampa/food-delivery/kfc-2530-e-bay-drive/0O-EHr16Rs6Oi_RSEBz8bw,pinellas-park-florida
https://www.ubereats.com/tampa/food-delivery/circle-k-13396-seminole-blvd/G6K5-VN4TMOAcdDyuuHUcw,pinellas-park-florida
https://www.ubereats.com/tampa/food-delivery/burger-king-6590-park-boulevard/hS9UgzrLR9avzxYhWMTFCQ,pinellas-park-florida
https://www.ubereats.com/tampa/food-delivery/gyro-city-and-seafood/E65W-2MbQNKs5yTwPATQ6A,pinellas-park-florida
https://www.ubereats.com/tampa/food-delivery/wendys-10751-park-blvd/sy1P1QSeQkGjwDrHnTxkEQ,pinellas-park-florida
https://www.ubereats.com/tampa/food-delivery/annex-400-beach/eafr4h7bQEyEJ0YM_o0jGw,pinellas-park-florida
https://www.ubereats.com/tampa/food-delivery/pipos-22nd-street/DQ8HbMqWR9OjWTK4yZqO8w,pinellas-park-florida
https://www.ubereats.com/tampa/food-delivery/bombwich-ordermark/7qew-xHzRICSWiyhqcZyeQ,pinellas-park-florida
https://www.ubereats.com/tampa/food-delivery/red-mesa-restaurant-st-petersburg/91nBhpNMQoGzwsbdWw8YoA,pinellas-park-florida
https://www.ubereats.com/tampa/food-delivery/kcs-saloon/Lj6trXbHTXyGVyprcfwVTQ,pinellas-park-florida
https://www.ubereats.com/tampa/food-delivery/churchs-chicken-2195-34th-street-s/zNJynNS9Rn2YkxandQVjbQ,pinellas-park-florida
https://www.ubereats.com/tampa/food-delivery/krispy-krabs/qJ4_Qj7bQYa1RosrGAB9Qw,pinellas-park-florida
https://www.ubereats.com/tampa/food-delivery/honey-baked-ham-7221-us-hwy-19/MlRYNux0R-O_O6urIxh4Rg,pinellas-park-florida
https://www.ubereats.com/tampa/food-delivery/three-birds-tavern/aGR_zXmqT32N-H5u84vQ-w,pinellas-park-florida
https://www.ubereats.com/tampa/food-delivery/the-floridian-cuban-sandwiches-treasure-island/jfEIast0Q2KZ9hUZQAdodQ,pinellas-park-florida
https://www.ubereats.com/tampa/food-delivery/hooters-4th-st-n-%26-41st-ave-n/Yk76ETPyQr211lY5GDY22A,pinellas-park-florida
https://www.ubereats.com/tampa/food-delivery/italy-bottega/Zjf9e6UnRDWYvxFcB0Ua4A,pinellas-park-florida
https://www.ubereats.com/tampa/food-delivery/pizza-hut-8380-seminole-blvd/78ySB0QuSIqV7Dl4b82GNw,pinellas-park-florida
https://www.ubereats.com/tampa/food-delivery/jupiter-donuts-of-largo/txxnLMEsQgSw1_BOtlhu2g,pinellas-park-florida
https://www.ubereats.com/tampa/food-delivery/seasons-cafe-%26-bakery/jiYnvUQPRK6a3u0bbiwL8g,pinellas-park-florida
https://www.ubereats.com/tampa/food-delivery/pin-wok%26bowl/5WNdc1StQpmk1NXI4VgyAA,pinellas-park-florida
https://www.ubereats.com/tampa/food-delivery/the-queenshead-eurobar/4rrCJcNFQtibKK1o0p4ueA,pinellas-park-florida
https://www.ubereats.com/tampa/food-delivery/dunkin-18419-us-19-n/9CeGvohxTN-C3ipTuXENoA,pinellas-park-florida
https://www.ubereats.com/tampa/food-delivery/carrabbas-1951-4th-street-north/QHEN1G6uRIa_yU8VOjUASg,pinellas-park-florida
https://www.ubereats.com/tampa/food-delivery/jo-els-kosher-foods/bzVa_GHORfWfXRpEt6FzWw,pinellas-park-florida
https://www.ubereats.com/tampa/food-delivery/veggie-thai-cafe/V5HL-qs5SpmhHp6H8Ymm8A,pinellas-park-florida
https://www.ubereats.com/tampa/food-delivery/starbucks-ulmerton-%26-starkey/belwZnGDSoGB70evyE8-3A,pinellas-park-florida
https://www.ubereats.com/tampa/food-delivery/cafe-sahara-largo-and-clearwater/hsH-e-QARkS_SwO63Icy3g,pinellas-park-florida
https://www.ubereats.com/tampa/food-delivery/blue-parrot/h2RWzKkqRK6xZe9tfxs3cA,pinellas-park-florida
https://www.ubereats.com/tampa/food-delivery/subway-18419-us-highway-19-n/XMwTKuIlQNOsStZCNAnakg,pinellas-park-florida
https://www.ubereats.com/tampa/food-delivery/newks-eatery-2613-gulf-to-bay-blvd-%231650/tV6Bvz_qQ0KXPh8GLUJMqg,pinellas-park-florida
https://www.ubereats.com/tampa/food-delivery/the-iberian-rooster/tFpgqoWNQ42K7plhQesSOw,pinellas-park-florida
https://www.ubereats.com/tampa/food-delivery/hong-kong-restaurant/GNwerhKeRhqsUL41K4xcSA,pinellas-park-florida
https://www.ubereats.com/tampa/food-delivery/applebees-5110-east-bay-dr/Z3ACKwmFTze--wTsMV3fug,pinellas-park-florida
https://www.ubereats.com/tampa/food-delivery/u-thai-restaurant/OPmEQvELQACgZwdUZ85J1w,pinellas-park-florida
https://www.ubereats.com/tampa/food-delivery/little-greek-ulmerton-rd/xBeGl7u5Tx-c8IDzHAoSpw,pinellas-park-florida
https://www.ubereats.com/tampa/food-delivery/maple-street-biscuit-company-st-pete/DELp9eB2QkyoQqbLKtyiCQ,pinellas-park-florida
https://www.ubereats.com/tampa/food-delivery/asian-cuisine/NED6TkY1TpSAsf6LHn5U_Q,pinellas-park-florida
https://www.ubereats.com/tampa/food-delivery/medianoche-a-fresh-connection/phJi-jbMT22Yd7KFDMlc2w,pinellas-park-florida
https://www.ubereats.com/tampa/food-delivery/grand-hacienda-tyrone-blvd/IbyCTCKoRIKVR_yIfRniIg,pinellas-park-florida
https://www.ubereats.com/tampa/food-delivery/barracuda-deli-cafe-st-pete-beach/jSfSY7d-SbCl20oPkcj2zQ,pinellas-park-florida
https://www.ubereats.com/tampa/food-delivery/stone-soup-cafe/9QcZxogYS-mnRDwqbV4WzQ,pinellas-park-florida
https://www.ubereats.com/tampa/food-delivery/smokin-19-tyrone/VNyc8rprQUuXF47O5aGkPw,pinellas-park-florida
https://www.ubereats.com/tampa/food-delivery/campanellas-bar/qYuWnIzkSkut6AC9u7JHoQ,pinellas-park-florida
https://www.ubereats.com/tampa/food-delivery/crystal-cove-crab-shack/k36X3kkuQ9S_6wttJbuIRg,pinellas-park-florida
https://www.ubereats.com/tampa/food-delivery/wawa-5147-12750-walsingham-rd/wSdgY65BQ9WrnMocBpwABg,pinellas-park-florida
https://www.ubereats.com/tampa/food-delivery/wawa-5306-3637-34th-st-south/W45OdE_ZQ1273YbTL92ogg,pinellas-park-florida
https://www.ubereats.com/tampa/food-delivery/pizza-hut-2421-4th-st-n/Wm_QnwxdR92crazglz6AeA,pinellas-park-florida
https://www.ubereats.com/tampa/food-delivery/pie12-napoletana-coal-fired-pizzeria/Kz9XbVgyTBe0eRg-4naVRg,pinellas-park-florida
https://www.ubereats.com/tampa/food-delivery/community-cafe/0vJzpkzVS0uluyBoU4Q2Jg,pinellas-park-florida
https://www.ubereats.com/tampa/food-delivery/origin/0vMA0j34TWSMufLuXHCIaw,pinellas-park-florida
https://www.ubereats.com/tampa/food-delivery/cold-stone-creamery-pinellas-park/zTR8jCNAQ8O2Hph4VkMwWg,pinellas-park-florida
https://www.ubereats.com/tampa/food-delivery/speggtacular/BSvCk_MTRdCdlse850RzyQ,pinellas-park-florida
https://www.ubereats.com/tampa/food-delivery/taco-bell-5225-east-bay-drive/8693jEfkSJqgRVjoZjvKVw,pinellas-park-florida
https://www.ubereats.com/tampa/food-delivery/red-robin-553-2468-tyrone-blvd-435b/fx0m7Sh_RLGOIQzMTbDUTw,pinellas-park-florida
https://www.ubereats.com/tampa/food-delivery/sab-cafe-downtown-st-petersburg/56MxDbUYTuS_TF0hVKE4BA,pinellas-park-florida
https://www.ubereats.com/tampa/food-delivery/sneaky-petes-slick-chicken/FsSuiJ3vTymh0pWZKOpfXw,pinellas-park-florida
https://www.ubereats.com/tampa/food-delivery/the-hangar-restaurant/eaw8jieoS5m0si1WjOHFUA,pinellas-park-florida
https://www.ubereats.com/tampa/food-delivery/wendys-4047-4th-st-n/4BCO9Re3SIenqPKHjql7fQ,pinellas-park-florida
https://www.ubereats.com/tampa/food-delivery/dharma-kava-lounge/T_OWvEQ6TEyo9OWwveZmeA,pinellas-park-florida
https://www.ubereats.com/tampa/food-delivery/the-floribbean-eatery-%26-catering/Hnw4rhN7TLSAR75rTpGalA,pinellas-park-florida
https://www.ubereats.com/tampa/food-delivery/don-pancho-villa-clearwater/eEaR_Al6Sh6fblypfff5Eg,pinellas-park-florida
https://www.ubereats.com/tampa/food-delivery/subway-clearwater/WdYvmK9oTDyCkANcycq8wA,pinellas-park-florida
https://www.ubereats.com/tampa/food-delivery/java-kava/CV7kIHoQQfOUzcHdgMau3Q,pinellas-park-florida
https://www.ubereats.com/tampa/food-delivery/wangs-n-thangs/pu3BdmAmRWqGFN1mNBBShA,pinellas-park-florida
https://www.ubereats.com/tampa/food-delivery/fat-cat-tavern-largo/SNJNaModR12Lt3ZJpDWcDQ,pinellas-park-florida
https://www.ubereats.com/tampa/food-delivery/senor-sub-and-gyros/9ARhRrBFRIyD9OcmhKSLlQ,pinellas-park-florida
https://www.ubereats.com/tampa/food-delivery/capital-tacos-st-petersburg/-v0zDxXtRg-rw8qtbP5AXw,pinellas-park-florida
https://www.ubereats.com/tampa/food-delivery/jjs-market-%26-delicatessen/VQ3lJDZvS4a_JTtWUMJnvA,pinellas-park-florida
https://www.ubereats.com/tampa/food-delivery/outback-steakhouse-3690-east-bay-drive/cGniGlxzSbK5BMyo7GvCBg,pinellas-park-florida
https://www.ubereats.com/tampa/food-delivery/pasquallys-pizza-%26-wings-1024-58th-st-n/4ekFG0bZTYuG_MgV6xtm2A,pinellas-park-florida
https://www.ubereats.com/tampa/food-delivery/big-steins-deli/FACDfuVwQ3qs6Ql6y1f0cQ,pinellas-park-florida
https://www.ubereats.com/tampa/food-delivery/subway-3355-5th-ave-north/0oP5qLvgTLWDehqt2ygEcQ,pinellas-park-florida
https://www.ubereats.com/tampa/food-delivery/saki-endless-sushi-%26-hibachi-eatery-clearwater/jMFCDoA5QTSM1bl5OJ1zCA,pinellas-park-florida
https://www.ubereats.com/tampa/food-delivery/tijuana-flats-pinellas-park/bTQUtdV7SOCxfvwSiztltA,pinellas-park-florida
https://www.ubereats.com/tampa/food-delivery/tropical-smoothie-cafe-roosevelt-blvd/IBe_bRnUQDuEKn2WlYt-2g,pinellas-park-florida
https://www.ubereats.com/tampa/food-delivery/mcdonalds-pinellas-trail/yorA3eSdSaqM7Kv-YGldKw,pinellas-park-florida
https://www.ubereats.com/tampa/food-delivery/angry-pepper-waterside/jMFAFi9RRWaPLn5VjBNT5g,pinellas-park-florida
https://www.ubereats.com/tampa/food-delivery/gateway-to-india-authentic-indian-restaurant/PsUO2mr0TkiXMkLQzhTKgw,pinellas-park-florida
https://www.ubereats.com/tampa/food-delivery/taco-bell-4599-park-blvd/N6MxhscFSq2Uf8M79z-HPg,pinellas-park-florida
https://www.ubereats.com/tampa/food-delivery/thai-orchid-restaurant-tyrone/SdiYSrCsSvyb7mSxjmc75w,pinellas-park-florida
https://www.ubereats.com/tampa/food-delivery/mcdonalds-walsingham/M0kVpibdTs6CXtUxub0IqA,pinellas-park-florida
https://www.ubereats.com/tampa/food-delivery/mms-healthy/eBGpDfn2Si2AbDP0G_VsIg,pinellas-park-florida
https://www.ubereats.com/tampa/food-delivery/cd-roma-restaurant-st-petersburg/3mfiD5e9S_uUzbN0xi7WSQ,pinellas-park-florida
https://www.ubereats.com/tampa/food-delivery/cosmos-cafe/kq7fDkJOQs6uxYjbjeS6sQ,pinellas-park-florida
https://www.ubereats.com/tampa/food-delivery/fergs-sports-bar/LkoPv4bSSTKf7apVwz6row,pinellas-park-florida
https://www.ubereats.com/tampa/food-delivery/the-simple-greek/pgT7Aj_pRqahwsomKigUnw,pinellas-park-florida
https://www.ubereats.com/tampa/food-delivery/skyway-jacks/ngTvGw9KSJiXoT42mmM5ew,pinellas-park-florida
https://www.ubereats.com/tampa/food-delivery/krispy-kreme-4th-st-n-%26-92nd-ave-n/MIlJyotETmit9f6SddQdMw,pinellas-park-florida
https://www.ubereats.com/tampa/food-delivery/verduccis-restaurant-and-pizzeria/Pb40MOi5STC4UkCb6h5pNg,pinellas-park-florida
https://www.ubereats.com/tampa/food-delivery/boston-market-9595-4th-st-n/mso9NTewSaqmzS3IiByzeg,pinellas-park-florida
https://www.ubereats.com/tampa/food-delivery/china-crossings-st-petersburg/cnCNAtJPQ_OPIJ6sEUwoow,pinellas-park-florida
https://www.ubereats.com/tampa/food-delivery/yummy-thai/G4-H9AYFTk6EI7tfpSJD_g,pinellas-park-florida
https://www.ubereats.com/tampa/food-delivery/campanellas-italian-restaurant-%26-pizza/5SChFHPrTqGOsuroxUFjzw,pinellas-park-florida
https://www.ubereats.com/tampa/food-delivery/dunkin-7595-4th-st-n/_851F9SeR3qbRTny5GqYtg,pinellas-park-florida
https://www.ubereats.com/tampa/food-delivery/gias-blue-water-taqueria/F2cpEZJvR4ykV3GmKipRGg,pinellas-park-florida
https://www.ubereats.com/tampa/food-delivery/machi-coffee-and-tea/5-TgrAhcQiK0WAzpoKvFDQ,pinellas-park-florida
https://www.ubereats.com/tampa/food-delivery/the-ice-cream-shop/ga8ff6fuSC2Ih361v_ZsSg,pinellas-park-florida
https://www.ubereats.com/tampa/food-delivery/umai-cafe/jLmGHzwvQ0iR0j6ky2qheQ,pinellas-park-florida
https://www.ubereats.com/tampa/food-delivery/clean-juice-1804-4th-street-north/TPXt1uucSTejN2ZWgTdftg,pinellas-park-florida
https://www.ubereats.com/tampa/food-delivery/china-one-downtown-st-petersburg/zHyG_Q1_Tie85BUD1qtiMw,pinellas-park-florida
https://www.ubereats.com/tampa/food-delivery/chicken-salad-chick-7839-113th-st-n-suite-a/fOiHrq1JT9mHslNEuyhJRA,pinellas-park-florida
https://www.ubereats.com/tampa/food-delivery/brick-%26-mortar-downtown-st-petersburg/m_4vhgbgRjqHF3XiQmffPw,pinellas-park-florida
https://www.ubereats.com/tampa/food-delivery/sonnys-bbq-4385-park-blvd/8ini02nFRAy17YcNtu9WSw,pinellas-park-florida
https://www.ubereats.com/tampa/food-delivery/burger-king-1888-gulf-to-bay-blvd/XH2BnNMYQ2ala4t8a1himQ,pinellas-park-florida
https://www.ubereats.com/tampa/food-delivery/the-country-skillet/qfdVLDqVQIWIozzK_rVhrw,pinellas-park-florida
https://www.ubereats.com/tampa/food-delivery/frog-pond/5VBNo4R8QMOBRLv1o437Pg,pinellas-park-florida
https://www.ubereats.com/tampa/food-delivery/frutta-bowls/u97W1rgMT3WWQ-7prMnT1w,pinellas-park-florida
https://www.ubereats.com/tampa/food-delivery/greenstock/R5v-D-DTQtSN3FHnVs2_FQ,pinellas-park-florida
https://www.ubereats.com/tampa/food-delivery/gunpowder-cafe/PeGFRZSKTru2oKM7biAeVg,pinellas-park-florida
https://www.ubereats.com/tampa/food-delivery/haze-ice-cream/ir4DqMwTSgqY3_GiRjXxwQ,pinellas-park-florida
https://www.ubereats.com/tampa/food-delivery/planet-smoothie-pinellas-park/XyCz0J7eTkKms3dCyMVsjw,pinellas-park-florida
https://www.ubereats.com/tampa/food-delivery/mikes-pizza-%26-pub/VxyqyMUaSYaaDW_m3MF-9A,pinellas-park-florida
https://www.ubereats.com/tampa/food-delivery/first-watch-largo/uzfB2JVrQ2GOOw_38dtl1Q,pinellas-park-florida
https://www.ubereats.com/tampa/food-delivery/the-library/XLb_2hKRRl2DQTY-_6BwLA,pinellas-park-florida
https://www.ubereats.com/tampa/food-delivery/yard-of-ale-st-pete/8N5SHiCATVuH6KnfPbaDcQ,pinellas-park-florida
https://www.ubereats.com/tampa/food-delivery/vampire-penguin-seminole/6GMDXw8ESIOkBdQPBp5f_Q,pinellas-park-florida
https://www.ubereats.com/tampa/food-delivery/fresh-kitchen-st-pete/zFtdyrHCSBGLQkyrzZsTEA,pinellas-park-florida
https://www.ubereats.com/tampa/food-delivery/sauced/tbTuOmwaRXu7yyM6-HVv1w,pinellas-park-florida
https://www.ubereats.com/tampa/food-delivery/hi-poke/o0LMEay0QAa25YJ1KJSsSg,pinellas-park-florida
https://www.ubereats.com/tampa/food-delivery/yogurtland-10500-ulmerton-rd/P9woVJcaQ8SRUvm1D0Cv-A,pinellas-park-florida
https://www.ubereats.com/tampa/food-delivery/el-maguey-mexican-restaurant/H-wrZuYnSd-T0lTQkyEh0A,pinellas-park-florida
https://www.ubereats.com/tampa/food-delivery/yardie-vybz/3C_m05RKSv-pay8M1o527A,pinellas-park-florida
https://www.ubereats.com/tampa/food-delivery/jbs-seafood-takeout/uuVfh7L8SJ-_75tlja0Ijg,pinellas-park-florida
https://www.ubereats.com/tampa/food-delivery/ruths-chris-steak-house-131-2nd-ave-n/WMzg8pwAStO1XPu-3mOlUQ,pinellas-park-florida
https://www.ubereats.com/tampa/food-delivery/westshore-pizza-east-bay-largo/833h-a2rSBC5D-EQUhvbkA,pinellas-park-florida
https://www.ubereats.com/tampa/food-delivery/sonnys-bbq-3650-tyrone-boulevard/M84dFQ1QT7aumRBnVA2H9Q,pinellas-park-florida
https://www.ubereats.com/tampa/food-delivery/poke-party-vr/Bq15bIelT8uS19wTctifRg,pinellas-park-florida
https://www.ubereats.com/tampa/food-delivery/the-pesky-pelican/IS_LR1X9TLSWq9Tm8C4hMA,pinellas-park-florida
https://www.ubereats.com/tampa/food-delivery/the-pizza-place/7tAEtRhmR6aNBRP9E8rHCw,pinellas-park-florida
https://www.ubereats.com/tampa/food-delivery/johnnys-italian-restaurant/NKVelLCDTLu_-j7facRsyQ,pinellas-park-florida
https://www.ubereats.com/tampa/food-delivery/petes-general/FXvhzSHZRVKyF2ie64UDGQ,pinellas-park-florida
https://www.ubereats.com/tampa/food-delivery/manos-italian-grill/_Mit-4coQwy79n700u-pdg,pinellas-park-florida
https://www.ubereats.com/tampa/food-delivery/beef-o-bradys-4775-34th-st-s/bcjycYdASBuJnFnzwuf4aA,pinellas-park-florida
https://www.ubereats.com/tampa/food-delivery/amys-dumpling-house/IYI4ihpDSFqj9KOxxdfJuw,pinellas-park-florida
https://www.ubereats.com/tampa/food-delivery/stack-n-sizzle/_AEWQHxRSeGbXTfiCvejzQ,pinellas-park-florida
https://www.ubereats.com/tampa/food-delivery/taqueria-emanuel-pinellas-park/w5JUKGGWTAaAevbxoygcCQ,pinellas-park-florida
https://www.ubereats.com/tampa/food-delivery/the-better-burrito-company/YAOF7hsZT-SJReo6-36JwA,pinellas-park-florida
https://www.ubereats.com/tampa/food-delivery/ronnie-pastramis-deli-and-catering/DDeE-1G0RGePc_6W_bzpvg,pinellas-park-florida
https://www.ubereats.com/tampa/food-delivery/joey-brooklyns-famous-pizza-kitchen/7PZ-xEtITHeLzt0RzADyXQ,pinellas-park-florida
https://www.ubereats.com/tampa/food-delivery/charleys-philly-steaks-%26-wings-ulmerton-rd/GOaBKeHZT-yGYwxJcp4efA,pinellas-park-florida
https://www.ubereats.com/tampa/food-delivery/chiangmai-thai-restaurant/uGxtcomWRdGjYVckZYXgZQ,pinellas-park-florida
https://www.ubereats.com/tampa/food-delivery/a-%26-n-italian-deli/ToSFBf4mRXiX1cLNPv7vIQ,pinellas-park-florida
https://www.ubereats.com/tampa/food-delivery/willie-jewells-old-school-bar-b-q-largo/M2UO0Ch3Rq6gl0R2TKXYhQ,pinellas-park-florida
https://www.ubereats.com/tampa/food-delivery/outback-steakhouse-1900-4th-street-north/i32LLJhzSO-agCJkTppz_g,pinellas-park-florida
https://www.ubereats.com/tampa/food-delivery/grits/SE4dB_tbR1C2a69uTjo_Kg,pinellas-park-florida
https://www.ubereats.com/tampa/food-delivery/bellabrava/fwTeGGGkQLO5qhk1gKXd0g,pinellas-park-florida
https://www.ubereats.com/tampa/food-delivery/earl-of-sandwich-4th-st-n-%26-50th-ave-n/LdyufyD1SJCYEdSKfMavQQ,pinellas-park-florida
https://www.ubereats.com/tampa/food-delivery/hot-crab/gj0GjtR_QoycLJni0MQjew,pinellas-park-florida
https://www.ubereats.com/tampa/food-delivery/papas-new-york-diner/FYqNQjzpTZyUY0rYQXvLRg,pinellas-park-florida
https://www.ubereats.com/tampa/food-delivery/cheesesteak-company/wqnCbOBTQWq9SGC6H6i0wg,pinellas-park-florida
https://www.ubereats.com/tampa/food-delivery/seminole-subs-%26-gyros-clearwater/eRKXg52BTw28QlVYF2byaQ,pinellas-park-florida
https://www.ubereats.com/tampa/food-delivery/speakeasy-lounge/WU7QF5DbQZKUgKlAkXxClw,pinellas-park-florida
https://www.ubereats.com/tampa/food-delivery/china99/t3AmyZTIRGinCFtJsGnSrQ,pinellas-park-florida
https://www.ubereats.com/tampa/food-delivery/subzero-nitrogen-ice-cream/78JGFavxSy-tpirr7PXfPA,pinellas-park-florida
https://www.ubereats.com/tampa/food-delivery/five-guys-fl-0375-1458-66th-street-north/nDf2RFhkQS6yQ1G3vlYBeg,pinellas-park-florida
https://www.ubereats.com/tampa/food-delivery/cafe-46/dhO6lNVlR02sMu_d7xEnxQ,pinellas-park-florida
https://www.ubereats.com/tampa/food-delivery/starbucks-us-19-%26-22nd-ave/e94HXyopRMezLzys_q7-_g,pinellas-park-florida
https://www.ubereats.com/tampa/food-delivery/jersey-mikes-us-19-n-%26-70th-ave-n/Zv6tZEDCSrKV-dD5Y_7BNw,pinellas-park-florida
https://www.ubereats.com/tampa/food-delivery/jinju-korean-grill-%26-sushi/JmiOu4f3SEenYN8Ag8JGMw,pinellas-park-florida
https://www.ubereats.com/tampa/food-delivery/acropolis-greek-taverna-st-pete/N4eoIpBcTF6VytsKlXp0Qw,pinellas-park-florida
https://www.ubereats.com/tampa/food-delivery/hangry/sm-vj6JGRjadnybCBTGxEA,pinellas-park-florida
https://www.ubereats.com/tampa/food-delivery/jersey-mikes-tyrone-blvd-n-%26-38th-ave-n/8YIQ9q_PSwaazeKqyOnOog,pinellas-park-florida
https://www.ubereats.com/tampa/food-delivery/grand-hacienda/6Dprsa8dThO8FCFPwNCv6w,pinellas-park-florida
https://www.ubereats.com/tampa/food-delivery/los-amigos-taqueria-y-tienda-largo/E7CCJJ1TRCeoErcNfMRfHQ,pinellas-park-florida
https://www.ubereats.com/tampa/food-delivery/aloha-ansley-hawaiian-fusion/tMdcXTClSfCj2Mu2PN5-9Q,pinellas-park-florida
https://www.ubereats.com/tampa/food-delivery/chili-verde-restaurant-22nd-avenue-north/xsN4hXA6TLyoTj3omGn19g,pinellas-park-florida
https://www.ubereats.com/tampa/food-delivery/the-crafty-squirrel/OVtcovMfT26HRmHDtJQ3_g,pinellas-park-florida
https://www.ubereats.com/tampa/food-delivery/taquitos-mexican/fwHV705XQbaN6p8rf_Poyw,pinellas-park-florida
https://www.ubereats.com/tampa/food-delivery/sake-house-largo/0GCPsbs1TSqTuBbxZcISPA,pinellas-park-florida
https://www.ubereats.com/tampa/food-delivery/el-tenampa-mexican-restaurant-st-petersburg/VrQ66bXCQUqnSA2f0EDcZA,pinellas-park-florida
https://www.ubereats.com/tampa/food-delivery/dunkin-1046-4th-st-n/YlY4IUp0SWmaUpnhwqhyGA,pinellas-park-florida
https://www.ubereats.com/tampa/food-delivery/2nd-and-second/mnGGvKBxRvGAtOr6_0wN-A,pinellas-park-florida
https://www.ubereats.com/tampa/food-delivery/bistro66-pinellas-park/w-rt-21dTdWIrg4ela3krw,pinellas-park-florida
https://www.ubereats.com/tampa/food-delivery/bjs-restaurant-and-brewhouse-3800-park-blvd/s3O_vgimRqSFcDH18qB_8Q,pinellas-park-florida
https://www.ubereats.com/tampa/food-delivery/dunkin-2298-seminole-blvd/6VoAgRcvQ5qJpFWF9li16w,pinellas-park-florida
https://www.ubereats.com/tampa/food-delivery/pizza-hut-1155-pasadena-ave-s-suite-j/EP_Z6sqSQxGU6Zit5Ym27w,pinellas-park-florida
https://www.ubereats.com/tampa/food-delivery/the-tasty-vegetable/lPWhZEY4TbOIbu8ppB0Tpw,pinellas-park-florida
https://www.ubereats.com/tampa/food-delivery/checkers-3775-66th-street-n/21botp4USVGRGgOY18g7lQ,pinellas-park-florida
https://www.ubereats.com/tampa/food-delivery/craftsman-house/E2IUM76sRfG9yH4dapVAjA,pinellas-park-florida
https://www.ubereats.com/tampa/food-delivery/subway-3300-4th-st-n/j1BuOh0RQqO2ZGyQwYBI7w,pinellas-park-florida
https://www.ubereats.com/tampa/food-delivery/ikigai-sushi-st-pete/CUZv3LGkRl-sN80h6vPwHw,pinellas-park-florida
https://www.ubereats.com/tampa/food-delivery/mcdonalds-7003-seminole-blvd/uhmGUVn6TL6iEoLtHRvsDQ,pinellas-park-florida
https://www.ubereats.com/tampa/food-delivery/panera-203353/EcdS1tphR7GnknQyZZtNmg,pinellas-park-florida
https://www.ubereats.com/tampa/food-delivery/fortunatos-taps-and-tavern/iBTRmIcUSsC62Q-dar1xfA,pinellas-park-florida
https://www.ubereats.com/tampa/food-delivery/tropical-smoothie-cafe-pinellas/uW-dFOEpRVmhQUxZfaD81g,pinellas-park-florida
https://www.ubereats.com/tampa/food-delivery/mr-ice-cream/nVUREhhEQ8q7kCecwij_mw,pinellas-park-florida
https://www.ubereats.com/tampa/food-delivery/beech-kombucha/e67eTspAQbuJ3NqOQH2FRA,pinellas-park-florida
https://www.ubereats.com/tampa/food-delivery/kfc-2430-34th-st/3tjtvp_bStKcznDQHolLJA,pinellas-park-florida
https://www.ubereats.com/tampa/food-delivery/los-magueyes-mexican-grill/lpLmD2KmR428zWS-UH71Hg,pinellas-park-florida
https://www.ubereats.com/tampa/food-delivery/burger-king-3800-fourth-street-north/idKAgrYTSG2IuHQeq1stgw,pinellas-park-florida
https://www.ubereats.com/tampa/food-delivery/iceburg-rolled-ice-cream/YadJsTwNT86p2OC2MYiFug,pinellas-park-florida
https://www.ubereats.com/tampa/food-delivery/subway-2004-66th-street-n/lgb0thxKRiWhgoR7Auc7iA,pinellas-park-florida
https://www.ubereats.com/tampa/food-delivery/the-ice-cream-shop/VZgQ_p_eRIqaTKWcuA_Y0g,pinellas-park-florida
https://www.ubereats.com/tampa/food-delivery/hooters-tyrone-blvd-n-%26-66th-st-n/A4NOo_u7RWWI2nChj7t6pA,pinellas-park-florida
https://www.ubereats.com/tampa/food-delivery/mcdonalds-jasper/7I6Pqpb3TzeY6Yp0shOgmQ,pinellas-park-florida
https://www.ubereats.com/tampa/food-delivery/little-greek-largo/xBHh71FcQU2Qt2VkxKV9-g,pinellas-park-florida
https://www.ubereats.com/tampa/food-delivery/mr-empanada-st-pete/lr3nKAgORjSaaPhyzpr8Dw,pinellas-park-florida
https://www.ubereats.com/tampa/food-delivery/mcdonalds-7001-us-hwy-19-n/fKSjOZqQQyucMdgAJXY7QQ,pinellas-park-florida
https://www.ubereats.com/tampa/food-delivery/dunkin-700-34th-st-n/iHcTDTpDSSChMRUuaKfNMQ,pinellas-park-florida
https://www.ubereats.com/tampa/food-delivery/coney-island-sandwich-shop/hxC8JE8eS8GHtmk9JaZPuw,pinellas-park-florida
https://www.ubereats.com/tampa/food-delivery/wok-n-roll-st-petersburg/t2nWHYyGQVK-GJutEga30Q,pinellas-park-florida
https://www.ubereats.com/tampa/food-delivery/basil-leaf/RVbDI7MIQQeh2l4X15EZVA,pinellas-park-florida
https://www.ubereats.com/tampa/food-delivery/smashburger-5300-e-bay-dr-ste-300/p4POlv7vTzqSjU-kZSKquA,pinellas-park-florida
https://www.ubereats.com/tampa/food-delivery/katiki/84lxDVNJQ42toOjmXZcl6Q,pinellas-park-florida
https://www.ubereats.com/tampa/food-delivery/bandit-coffee-co/lbTTyxUEQkqQrF97Dy3XtA,pinellas-park-florida
https://www.ubereats.com/tampa/food-delivery/ihop-5001-gulf-blvd/SylIlsMBT2-eWQhmd9j8fA,pinellas-park-florida
https://www.ubereats.com/tampa/food-delivery/subway-1200-missouri-ave-n/ZvTG0rc_Rmy9tEzMV9uMiQ,pinellas-park-florida
https://www.ubereats.com/tampa/food-delivery/tijuana-flats-st-pete/uYjc85oNQ_6X_ISi9O-iJQ,pinellas-park-florida
https://www.ubereats.com/tampa/food-delivery/tijuana-flats-tyrone/iqJmWHflTUCGCrSo26XuBA,pinellas-park-florida
https://www.ubereats.com/tampa/food-delivery/new-china-restaurant/SYEulBGzQgakLjnfTVxSeg,pinellas-park-florida
https://www.ubereats.com/tampa/food-delivery/pizza-hut-407-s-belcher-rd-%234/XgArl_-aTruzzTM_NH2lBg,pinellas-park-florida
https://www.ubereats.com/tampa/food-delivery/mcdonalds-rutland-plaza/XtShWPQpRmCZjuk6ob4o6Q,pinellas-park-florida
https://www.ubereats.com/tampa/food-delivery/carmelitas-mexican-restaurant-tyrone/ZlhwiwflTNGNMYc6YkMUtg,pinellas-park-florida
https://www.ubereats.com/tampa/food-delivery/maggie-maes-on-the-bluff-largo/y8uPjX-qTx2lmsCx-_rbGw,pinellas-park-florida
https://www.ubereats.com/tampa/food-delivery/tropical-smoothie-cafe-seminole/6iQI1JNiRS69zc33_ncLHg,pinellas-park-florida
https://www.ubereats.com/tampa/food-delivery/baum-mi/aNcRCzkQQf6laj9veBm0sw,pinellas-park-florida
https://www.ubereats.com/tampa/food-delivery/meexita/5A7_uejqQA6B6BOKevjDBw,pinellas-park-florida
https://www.ubereats.com/tampa/food-delivery/the-donut-shoppe/sTgOWMiaQdCAkx0Q1AKEtg,pinellas-park-florida
https://www.ubereats.com/tampa/food-delivery/karma-juice-bar-%26-eatery/hCnS7hbvTTebGpamMIRUow,pinellas-park-florida
https://www.ubereats.com/tampa/food-delivery/hibachi-express-largo/QE6zbftGR4KgAxhB5XSIkA,pinellas-park-florida
https://www.ubereats.com/tampa/food-delivery/ihop-7800-ulmerton-rd/Z9kotlwLRWyj4ZnEOgadkA,pinellas-park-florida
https://www.ubereats.com/tampa/food-delivery/wendys-4840-park-street/S2UlI1HgQrqm_PDx_yB3GA,pinellas-park-florida
https://www.ubereats.com/tampa/food-delivery/r-bar-treasure-island/YD_RjqGbTBu0bIQFvHWyNw,pinellas-park-florida
https://www.ubereats.com/tampa/food-delivery/taco-bell-3550-ulmerton-rd/ufp5zZ9gQFaaTZbsL6QISg,pinellas-park-florida
https://www.ubereats.com/tampa/food-delivery/buffalo-wild-wings-21688-us-highway-19-n/Q-crZJYjSgKeMLf51iRp_g,pinellas-park-florida
https://www.ubereats.com/tampa/food-delivery/wendys-9000-4th-st-n/Nh_YWN9jSCuhwRCFytxbqA,pinellas-park-florida
https://www.ubereats.com/tampa/food-delivery/angelos-pizza/AuXvSYyKTzm97GP9LY1KpA,pinellas-park-florida
https://www.ubereats.com/tampa/food-delivery/chipotle-mexican-grill-3540-4th-st-n/vVZRirh9S0CMUAXGdcWOlQ,pinellas-park-florida
https://www.ubereats.com/tampa/food-delivery/new-china-st-petersburg/UeftQMJ-RKaNAur09zooBQ,pinellas-park-florida
https://www.ubereats.com/tampa/food-delivery/i-thai-%26-sushi-restaurant-largo/e6qVjhvnTWGZgeZaFlnnJA,pinellas-park-florida
https://www.ubereats.com/tampa/food-delivery/barbacoa-mexican-grill/tQhEY8dVQQa5OKKSRESl6g,pinellas-park-florida
https://www.ubereats.com/tampa/food-delivery/subway-2790a-gulf-to-bay/P3JPWBtnRv2u5Xn3KNh2Ww,pinellas-park-florida
https://www.ubereats.com/tampa/food-delivery/wendys-1115-34th-street-n/-IsQBoINT_KwJzEyrzUjgw,pinellas-park-florida
https://www.ubereats.com/tampa/food-delivery/arbys-9597-4th-st-n/KV6W1S3eSOGMtBMBgc_cAQ,pinellas-park-florida
https://www.ubereats.com/tampa/food-delivery/stellas-gulfport/HfqNwFFmQbGsnHUWiP3g6A,pinellas-park-florida
https://www.ubereats.com/tampa/food-delivery/wendys-8005-us-highway-19-n/s5tFQb1PR-2cqElplpKnZg,pinellas-park-florida
